[2026-07-22T15:24:19.071Z] DELETE /api/bookings/1
Payload: undefined
Error: Booking ID is required
Details: "ApiError: Booking ID is required\n    at badRequest (/Users/nil09/Desktop/Lambda5/Event-Scheduler/src/utils/api-error.ts:15:67)\n    at deleteBookingService (/Users/nil09/Desktop/Lambda5/Event-Scheduler/src/services/booking.service.ts:95:19)\n    at deleteBooking (/Users/nil09/Desktop/Lambda5/Event-Scheduler/src/controllers/booking.controller.ts:23:28)\n    at Layer.handleRequest (/Users/nil09/Desktop/Lambda5/Event-Scheduler/node_modules/router/lib/layer.js:152:17)\n    at next (/Users/nil09/Desktop/Lambda5/Event-Scheduler/node_modules/router/lib/route.js:157:13)\n    at authenticate (/Users/nil09/Desktop/Lambda5/Event-Scheduler/src/middlewares/auth.ts:37:3)\n    at process.processTicksAndRejections (node:internal/process/task_queues:105:5)"
-------------------
[2026-07-22T15:24:44.503Z] DELETE /api/bookings/1
Payload: {"bookingId":1}
Error: Booking ID is required
Details: "ApiError: Booking ID is required\n    at badRequest (/Users/nil09/Desktop/Lambda5/Event-Scheduler/src/utils/api-error.ts:15:67)\n    at deleteBookingService (/Users/nil09/Desktop/Lambda5/Event-Scheduler/src/services/booking.service.ts:95:19)\n    at deleteBooking (/Users/nil09/Desktop/Lambda5/Event-Scheduler/src/controllers/booking.controller.ts:23:28)\n    at Layer.handleRequest (/Users/nil09/Desktop/Lambda5/Event-Scheduler/node_modules/router/lib/layer.js:152:17)\n    at next (/Users/nil09/Desktop/Lambda5/Event-Scheduler/node_modules/router/lib/route.js:157:13)\n    at authenticate (/Users/nil09/Desktop/Lambda5/Event-Scheduler/src/middlewares/auth.ts:37:3)\n    at process.processTicksAndRejections (node:internal/process/task_queues:105:5)"
-------------------
[2026-07-22T15:32:29.502Z] POST /api/bookings
Payload: {"slotId":"cmrpxe6i40000i65onpwm8hty","inviteeEmail":"nilkamal@email.com","inviteeNotes":"Looking forward to the call","inviteeName":"Nilkamal"}
Error: Slot has already started
Details: "ApiError: Slot has already started\n    at badRequest (/Users/nil09/Desktop/Lambda5/Event-Scheduler/src/utils/api-error.ts:15:67)\n    at validateSlotForBooking (/Users/nil09/Desktop/Lambda5/Event-Scheduler/src/services/booking.service.ts:36:15)\n    at <anonymous> (/Users/nil09/Desktop/Lambda5/Event-Scheduler/src/services/booking.service.ts:66:22)\n    at process.processTicksAndRejections (node:internal/process/task_queues:105:5)\n    at async Proxy._transactionWithCallback (/Users/nil09/Desktop/Lambda5/Event-Scheduler/node_modules/@prisma/client/src/runtime/getPrismaClient.ts:810:18)\n    at async createBookingOptimistically (/Users/nil09/Desktop/Lambda5/Event-Scheduler/src/services/booking.service.ts:59:21)\n    at async createBooking (/Users/nil09/Desktop/Lambda5/Event-Scheduler/src/controllers/booking.controller.ts:9:22)"
-------------------
[2026-07-22T15:43:27.392Z] POST /api/bookings
Payload: {"slotId":"cmrpxe6jj000wi65o6hfxwrhd","inviteeEmail":"nilkamal@email.com","inviteeNotes":"Looking forward to the call","inviteeName":"Nilkamal"}
Error: 
Invalid `client.booking.create()` invocation in
/Users/nil09/Desktop/Lambda5/Event-Scheduler/src/repositories/booking.repository.ts:19:27

  16    
  17      const client = getDbClient(db);
  18 
→ 19 return client.booking.create(
Unique constraint failed on the fields: (`"slotId"`, `"inviteeEmail"`)
Details: "PrismaClientKnownRequestError: \nInvalid `client.booking.create()` invocation in\n/Users/nil09/Desktop/Lambda5/Event-Scheduler/src/repositories/booking.repository.ts:19:27\n\n  16    \n  17      const client = getDbClient(db);\n  18 \n→ 19 return client.booking.create(\nUnique constraint failed on the fields: (`\"slotId\"`, `\"inviteeEmail\"`)\n    at zr.handleRequestError (/Users/nil09/Desktop/Lambda5/Event-Scheduler/node_modules/@prisma/client/src/runtime/RequestHandler.ts:237:13)\n    at zr.handleAndLogRequestError (/Users/nil09/Desktop/Lambda5/Event-Scheduler/node_modules/@prisma/client/src/runtime/RequestHandler.ts:183:12)\n    at zr.request (/Users/nil09/Desktop/Lambda5/Event-Scheduler/node_modules/@prisma/client/src/runtime/RequestHandler.ts:152:12)\n    at process.processTicksAndRejections (node:internal/process/task_queues:105:5)\n    at async a (/Users/nil09/Desktop/Lambda5/Event-Scheduler/node_modules/@prisma/client/src/runtime/getPrismaClient.ts:963:24)\n    at async Proxy._transactionWithCallback (/Users/nil09/Desktop/Lambda5/Event-Scheduler/node_modules/@prisma/client/src/runtime/getPrismaClient.ts:810:18)\n    at async createBookingOptimistically (/Users/nil09/Desktop/Lambda5/Event-Scheduler/src/services/booking.service.ts:59:21)\n    at async createBooking (/Users/nil09/Desktop/Lambda5/Event-Scheduler/src/controllers/booking.controller.ts:9:22)"
-------------------
[2026-07-22T15:44:14.192Z] POST /api/bookings
Payload: {"slotId":"cmrpxe6jf000vi65o836sbxpq","inviteeEmail":"nilkamal@email.com","inviteeNotes":"Looking forward to the call","inviteeName":"Nilkamal"}
Error: 
Invalid `client.booking.create()` invocation in
/Users/nil09/Desktop/Lambda5/Event-Scheduler/src/repositories/booking.repository.ts:19:27

  16    
  17      const client = getDbClient(db);
  18 
→ 19 return client.booking.create(
Unique constraint failed on the fields: (`"slotId"`, `"inviteeEmail"`)
Details: "PrismaClientKnownRequestError: \nInvalid `client.booking.create()` invocation in\n/Users/nil09/Desktop/Lambda5/Event-Scheduler/src/repositories/booking.repository.ts:19:27\n\n  16    \n  17      const client = getDbClient(db);\n  18 \n→ 19 return client.booking.create(\nUnique constraint failed on the fields: (`\"slotId\"`, `\"inviteeEmail\"`)\n    at zr.handleRequestError (/Users/nil09/Desktop/Lambda5/Event-Scheduler/node_modules/@prisma/client/src/runtime/RequestHandler.ts:237:13)\n    at zr.handleAndLogRequestError (/Users/nil09/Desktop/Lambda5/Event-Scheduler/node_modules/@prisma/client/src/runtime/RequestHandler.ts:183:12)\n    at zr.request (/Users/nil09/Desktop/Lambda5/Event-Scheduler/node_modules/@prisma/client/src/runtime/RequestHandler.ts:152:12)\n    at process.processTicksAndRejections (node:internal/process/task_queues:105:5)\n    at async a (/Users/nil09/Desktop/Lambda5/Event-Scheduler/node_modules/@prisma/client/src/runtime/getPrismaClient.ts:963:24)\n    at async Proxy._transactionWithCallback (/Users/nil09/Desktop/Lambda5/Event-Scheduler/node_modules/@prisma/client/src/runtime/getPrismaClient.ts:810:18)\n    at async createBookingOptimistically (/Users/nil09/Desktop/Lambda5/Event-Scheduler/src/services/booking.service.ts:59:21)\n    at async createBooking (/Users/nil09/Desktop/Lambda5/Event-Scheduler/src/controllers/booking.controller.ts:9:22)"
-------------------
[2026-07-22T15:46:35.949Z] POST /api/bookings
Payload: {"slotId":"cmrpxe6jf000vi65o836sbxpq","inviteeEmail":"nilkamal@email.com","inviteeNotes":"Looking forward to the call","inviteeName":"Nilkamal"}
Error: 
Invalid `client.booking.create()` invocation in
/Users/nil09/Desktop/Lambda5/Event-Scheduler/src/repositories/booking.repository.ts:19:27

  16    
  17      const client = getDbClient(db);
  18 
→ 19 return client.booking.create(
Unique constraint failed on the fields: (`"slotId"`, `"inviteeEmail"`)
Details: "PrismaClientKnownRequestError: \nInvalid `client.booking.create()` invocation in\n/Users/nil09/Desktop/Lambda5/Event-Scheduler/src/repositories/booking.repository.ts:19:27\n\n  16    \n  17      const client = getDbClient(db);\n  18 \n→ 19 return client.booking.create(\nUnique constraint failed on the fields: (`\"slotId\"`, `\"inviteeEmail\"`)\n    at zr.handleRequestError (/Users/nil09/Desktop/Lambda5/Event-Scheduler/node_modules/@prisma/client/src/runtime/RequestHandler.ts:237:13)\n    at zr.handleAndLogRequestError (/Users/nil09/Desktop/Lambda5/Event-Scheduler/node_modules/@prisma/client/src/runtime/RequestHandler.ts:183:12)\n    at zr.request (/Users/nil09/Desktop/Lambda5/Event-Scheduler/node_modules/@prisma/client/src/runtime/RequestHandler.ts:152:12)\n    at process.processTicksAndRejections (node:internal/process/task_queues:105:5)\n    at async a (/Users/nil09/Desktop/Lambda5/Event-Scheduler/node_modules/@prisma/client/src/runtime/getPrismaClient.ts:963:24)\n    at async Proxy._transactionWithCallback (/Users/nil09/Desktop/Lambda5/Event-Scheduler/node_modules/@prisma/client/src/runtime/getPrismaClient.ts:810:18)\n    at async createBookingOptimistically (/Users/nil09/Desktop/Lambda5/Event-Scheduler/src/services/booking.service.ts:59:21)\n    at async createBooking (/Users/nil09/Desktop/Lambda5/Event-Scheduler/src/controllers/booking.controller.ts:9:22)"
-------------------
[2026-07-29T12:57:36.365Z] GET /api/integrations/google/callback?state=setup&iss=https://accounts.google.com&code=4/0AXEQxICeQduFmEfVEPGaSVIh36SkHjXhLV6Ew5GE9BLQpe2CmbfaZbYwP_X1jYCS9dYVaw&scope=https://www.googleapis.com/auth/calendar.events%20https://www.googleapis.com/auth/calendar
Payload: undefined
Error: Request is missing required authentication credential. Expected OAuth 2 access token, login cookie or other valid authentication credential. See https://developers.google.com/identity/sign-in/web/devconsole-project.
Details: "Error: Request is missing required authentication credential. Expected OAuth 2 access token, login cookie or other valid authentication credential. See https://developers.google.com/identity/sign-in/web/devconsole-project.\n    at Gaxios._request (/Users/nil09/Desktop/Lambda5/Event-Scheduler/node_modules/googleapis-common/node_modules/gaxios/src/gaxios.ts:213:15)\n    at process.processTicksAndRejections (node:internal/process/task_queues:105:5)\n    at async OAuth2Client.requestAsync (/Users/nil09/Desktop/Lambda5/Event-Scheduler/node_modules/googleapis-common/node_modules/google-auth-library/build/src/auth/oauth2client.js:463:20)\n    at async createAPIRequestAsync (/Users/nil09/Desktop/Lambda5/Event-Scheduler/node_modules/googleapis-common/build/src/apirequest.js:308:25)\n    at async exchangeSetupCode (/Users/nil09/Desktop/Lambda5/Event-Scheduler/src/services/googleCalneder.service.ts:56:24)\n    at async handleGoogleCallback (/Users/nil09/Desktop/Lambda5/Event-Scheduler/src/controllers/google.controller.ts:8:51)"
-------------------
[2026-07-29T13:02:03.395Z] GET /api/integrations/google/callback?state=setup&iss=https://accounts.google.com&code=4/0AXEQxIADcRhMh4qmI3YQREhtm__691ww28kG86CAoRqO_iYtPwF7lVmgjRtk8i9BqFbBrA&scope=https://www.googleapis.com/auth/calendar.events%20https://www.googleapis.com/auth/calendar
Payload: undefined
Error: Request is missing required authentication credential. Expected OAuth 2 access token, login cookie or other valid authentication credential. See https://developers.google.com/identity/sign-in/web/devconsole-project.
Details: "Error: Request is missing required authentication credential. Expected OAuth 2 access token, login cookie or other valid authentication credential. See https://developers.google.com/identity/sign-in/web/devconsole-project.\n    at Gaxios._request (/Users/nil09/Desktop/Lambda5/Event-Scheduler/node_modules/googleapis-common/node_modules/gaxios/src/gaxios.ts:213:15)\n    at process.processTicksAndRejections (node:internal/process/task_queues:105:5)\n    at async OAuth2Client.requestAsync (/Users/nil09/Desktop/Lambda5/Event-Scheduler/node_modules/googleapis-common/node_modules/google-auth-library/build/src/auth/oauth2client.js:463:20)\n    at async createAPIRequestAsync (/Users/nil09/Desktop/Lambda5/Event-Scheduler/node_modules/googleapis-common/build/src/apirequest.js:308:25)\n    at async exchangeSetupCode (/Users/nil09/Desktop/Lambda5/Event-Scheduler/src/services/googleCalneder.service.ts:60:24)\n    at async handleGoogleCallback (/Users/nil09/Desktop/Lambda5/Event-Scheduler/src/controllers/google.controller.ts:9:51)"
-------------------
[2026-07-29T13:07:42.169Z] GET /api/integrations/google/callback?state=setup&iss=https://accounts.google.com&code=4/0AXEQxIA8KhOEmodPYPkc-CJ5G0iLekPZbxLR9-38PkFM1ddsGK0NAysRGOKcfgUR0nrlRw&scope=email%20profile%20https://www.googleapis.com/auth/userinfo.profile%20https://www.googleapis.com/auth/userinfo.email%20openid%20https://www.googleapis.com/auth/calendar.events%20https://www.googleapis.com/auth/calendar&authuser=0&prompt=consent
Payload: undefined
Error: invalid_grant
Details: "Error: invalid_grant\n    at Gaxios._request (/Users/nil09/Desktop/Lambda5/Event-Scheduler/node_modules/googleapis-common/node_modules/gaxios/src/gaxios.ts:213:15)\n    at process.processTicksAndRejections (node:internal/process/task_queues:105:5)\n    at async OAuth2Client.getTokenAsync (/Users/nil09/Desktop/Lambda5/Event-Scheduler/node_modules/googleapis-common/node_modules/google-auth-library/build/src/auth/oauth2client.js:205:21)\n    at async exchangeSetupCode (/Users/nil09/Desktop/Lambda5/Event-Scheduler/src/services/googleCalneder.service.ts:49:26)\n    at async handleGoogleCallback (/Users/nil09/Desktop/Lambda5/Event-Scheduler/src/controllers/google.controller.ts:9:51)"
-------------------
[2026-07-29T13:07:42.325Z] GET /api/integrations/google/callback?state=setup&iss=https://accounts.google.com&code=4/0AXEQxIA8KhOEmodPYPkc-CJ5G0iLekPZbxLR9-38PkFM1ddsGK0NAysRGOKcfgUR0nrlRw&scope=email%20profile%20https://www.googleapis.com/auth/userinfo.profile%20https://www.googleapis.com/auth/userinfo.email%20openid%20https://www.googleapis.com/auth/calendar.events%20https://www.googleapis.com/auth/calendar&authuser=0&prompt=consent
Payload: undefined
Error: invalid_grant
Details: "Error: invalid_grant\n    at Gaxios._request (/Users/nil09/Desktop/Lambda5/Event-Scheduler/node_modules/googleapis-common/node_modules/gaxios/src/gaxios.ts:213:15)\n    at process.processTicksAndRejections (node:internal/process/task_queues:105:5)\n    at async OAuth2Client.getTokenAsync (/Users/nil09/Desktop/Lambda5/Event-Scheduler/node_modules/googleapis-common/node_modules/google-auth-library/build/src/auth/oauth2client.js:205:21)\n    at async exchangeSetupCode (/Users/nil09/Desktop/Lambda5/Event-Scheduler/src/services/googleCalneder.service.ts:49:26)\n    at async handleGoogleCallback (/Users/nil09/Desktop/Lambda5/Event-Scheduler/src/controllers/google.controller.ts:9:51)"
-------------------
[2026-07-29T13:07:52.781Z] GET /api/integrations/google/callback?state=setup&iss=https://accounts.google.com&code=4/0AXEQxIA8KhOEmodPYPkc-CJ5G0iLekPZbxLR9-38PkFM1ddsGK0NAysRGOKcfgUR0nrlRw&scope=email%20profile%20https://www.googleapis.com/auth/userinfo.profile%20https://www.googleapis.com/auth/userinfo.email%20openid%20https://www.googleapis.com/auth/calendar.events%20https://www.googleapis.com/auth/calendar&authuser=0&prompt=consent
Payload: undefined
Error: invalid_grant
Details: "Error: invalid_grant\n    at Gaxios._request (/Users/nil09/Desktop/Lambda5/Event-Scheduler/node_modules/googleapis-common/node_modules/gaxios/src/gaxios.ts:213:15)\n    at process.processTicksAndRejections (node:internal/process/task_queues:105:5)\n    at async OAuth2Client.getTokenAsync (/Users/nil09/Desktop/Lambda5/Event-Scheduler/node_modules/googleapis-common/node_modules/google-auth-library/build/src/auth/oauth2client.js:205:21)\n    at async exchangeSetupCode (/Users/nil09/Desktop/Lambda5/Event-Scheduler/src/services/googleCalneder.service.ts:49:26)\n    at async handleGoogleCallback (/Users/nil09/Desktop/Lambda5/Event-Scheduler/src/controllers/google.controller.ts:9:51)"
-------------------
[2026-07-29T14:24:10.668Z] POST /api/bookings
Payload: {"slotId":"cmrpxe6ku0027i65ou3m4btqg","inviteeEmail":"nilkamal@email.com","inviteeNotes":"Looking forward to the call","inviteeName":"Nilkamal"}
Error: Slot is not available
Details: "ApiError: Slot is not available\n    at badRequest (/Users/nil09/Desktop/Lambda5/Event-Scheduler/src/utils/api-error.ts:15:67)\n    at validateSlotForBooking (/Users/nil09/Desktop/Lambda5/Event-Scheduler/src/services/booking.service.ts:34:15)\n    at <anonymous> (/Users/nil09/Desktop/Lambda5/Event-Scheduler/src/services/booking.service.ts:67:22)\n    at process.processTicksAndRejections (node:internal/process/task_queues:105:5)\n    at async Proxy._transactionWithCallback (/Users/nil09/Desktop/Lambda5/Event-Scheduler/node_modules/@prisma/client/src/runtime/getPrismaClient.ts:810:18)\n    at async createBookingOptimistically (/Users/nil09/Desktop/Lambda5/Event-Scheduler/src/services/booking.service.ts:60:21)\n    at async createBooking (/Users/nil09/Desktop/Lambda5/Event-Scheduler/src/controllers/booking.controller.ts:9:22)"
-------------------
[2026-08-05T19:35:10.584Z] POST /api/bookings
Payload: {"slotId":"cms6cjs6o000ml55o67xou14v","inviteeEmail":"nilkamal.2023ug2027@iiitranchi.ac.in","inviteeNotes":"Looking forward to the call","inviteeName":"Nilkamal"}
Error: 
Invalid `client.booking.create()` invocation in
/Users/nil09/Desktop/Lambda5/Event-Scheduler/src/repositories/booking.repository.ts:19:27

  16    
  17      const client = getDbClient(db);
  18 
→ 19 return client.booking.create(
Unique constraint failed on the fields: (`"slotId"`, `"inviteeEmail"`)
Details: "PrismaClientKnownRequestError: \nInvalid `client.booking.create()` invocation in\n/Users/nil09/Desktop/Lambda5/Event-Scheduler/src/repositories/booking.repository.ts:19:27\n\n  16    \n  17      const client = getDbClient(db);\n  18 \n→ 19 return client.booking.create(\nUnique constraint failed on the fields: (`\"slotId\"`, `\"inviteeEmail\"`)\n    at zr.handleRequestError (/Users/nil09/Desktop/Lambda5/Event-Scheduler/node_modules/@prisma/client/src/runtime/RequestHandler.ts:237:13)\n    at zr.handleAndLogRequestError (/Users/nil09/Desktop/Lambda5/Event-Scheduler/node_modules/@prisma/client/src/runtime/RequestHandler.ts:183:12)\n    at zr.request (/Users/nil09/Desktop/Lambda5/Event-Scheduler/node_modules/@prisma/client/src/runtime/RequestHandler.ts:152:12)\n    at process.processTicksAndRejections (node:internal/process/task_queues:105:5)\n    at async a (/Users/nil09/Desktop/Lambda5/Event-Scheduler/node_modules/@prisma/client/src/runtime/getPrismaClient.ts:963:24)\n    at async Proxy._transactionWithCallback (/Users/nil09/Desktop/Lambda5/Event-Scheduler/node_modules/@prisma/client/src/runtime/getPrismaClient.ts:810:18)\n    at async createBookingOptimistically (/Users/nil09/Desktop/Lambda5/Event-Scheduler/src/services/booking.service.ts:60:21)\n    at async createBooking (/Users/nil09/Desktop/Lambda5/Event-Scheduler/src/controllers/booking.controller.ts:9:22)"
-------------------
[2026-08-22T19:13:50.570Z] POST /api/event-types
Payload: {"title":"Resume Review Session","locationType":"online","durationMin":30,"isActive":true}
Error: slug is already taken , please try another
Details: "ApiError: slug is already taken , please try another\n    at conflict (/Users/nil09/Desktop/Lambda5/Event-Scheduler/src/utils/api-error.ts:20:65)\n    at createEventTypeService (/Users/nil09/Desktop/Lambda5/Event-Scheduler/src/services/event-types.service.ts:32:15)\n    at process.processTicksAndRejections (node:internal/process/task_queues:105:5)\n    at async createEventType (/Users/nil09/Desktop/Lambda5/Event-Scheduler/src/controllers/event-type.controller.ts:28:22)"
-------------------
[2026-08-24T06:43:21.146Z] GET /api/availability/rules
Payload: undefined
Error: User not found.
Details: "ApiError: User not found.\n    at unauthorized (/Users/nil09/Desktop/Lambda5/Event-Scheduler/src/utils/api-error.ts:18:69)\n    at authenticate (/Users/nil09/Desktop/Lambda5/Event-Scheduler/src/middlewares/auth.ts:30:11)\n    at process.processTicksAndRejections (node:internal/process/task_queues:105:5)"
-------------------
[2026-08-24T06:43:21.179Z] GET /api/availability/rules
Payload: undefined
Error: User not found.
Details: "ApiError: User not found.\n    at unauthorized (/Users/nil09/Desktop/Lambda5/Event-Scheduler/src/utils/api-error.ts:18:69)\n    at authenticate (/Users/nil09/Desktop/Lambda5/Event-Scheduler/src/middlewares/auth.ts:30:11)\n    at process.processTicksAndRejections (node:internal/process/task_queues:105:5)"
-------------------
[2026-08-24T06:43:24.356Z] GET /api/bookings
Payload: undefined
Error: User not found.
Details: "ApiError: User not found.\n    at unauthorized (/Users/nil09/Desktop/Lambda5/Event-Scheduler/src/utils/api-error.ts:18:69)\n    at authenticate (/Users/nil09/Desktop/Lambda5/Event-Scheduler/src/middlewares/auth.ts:30:11)\n    at process.processTicksAndRejections (node:internal/process/task_queues:105:5)"
-------------------
[2026-08-24T06:43:24.364Z] GET /api/bookings
Payload: undefined
Error: User not found.
Details: "ApiError: User not found.\n    at unauthorized (/Users/nil09/Desktop/Lambda5/Event-Scheduler/src/utils/api-error.ts:18:69)\n    at authenticate (/Users/nil09/Desktop/Lambda5/Event-Scheduler/src/middlewares/auth.ts:30:11)\n    at process.processTicksAndRejections (node:internal/process/task_queues:105:5)"
-------------------
[2026-08-24T06:43:45.931Z] GET /api/bookings
Payload: undefined
Error: User not found.
Details: "ApiError: User not found.\n    at unauthorized (/Users/nil09/Desktop/Lambda5/Event-Scheduler/src/utils/api-error.ts:18:69)\n    at authenticate (/Users/nil09/Desktop/Lambda5/Event-Scheduler/src/middlewares/auth.ts:30:11)\n    at process.processTicksAndRejections (node:internal/process/task_queues:105:5)"
-------------------
[2026-08-24T06:43:45.963Z] GET /api/bookings
Payload: undefined
Error: User not found.
Details: "ApiError: User not found.\n    at unauthorized (/Users/nil09/Desktop/Lambda5/Event-Scheduler/src/utils/api-error.ts:18:69)\n    at authenticate (/Users/nil09/Desktop/Lambda5/Event-Scheduler/src/middlewares/auth.ts:30:11)\n    at process.processTicksAndRejections (node:internal/process/task_queues:105:5)"
-------------------
[2026-08-24T06:43:48.495Z] GET /api/bookings
Payload: undefined
Error: User not found.
Details: "ApiError: User not found.\n    at unauthorized (/Users/nil09/Desktop/Lambda5/Event-Scheduler/src/utils/api-error.ts:18:69)\n    at authenticate (/Users/nil09/Desktop/Lambda5/Event-Scheduler/src/middlewares/auth.ts:30:11)\n    at process.processTicksAndRejections (node:internal/process/task_queues:105:5)"
-------------------
[2026-08-24T06:43:48.515Z] GET /api/bookings
Payload: undefined
Error: User not found.
Details: "ApiError: User not found.\n    at unauthorized (/Users/nil09/Desktop/Lambda5/Event-Scheduler/src/utils/api-error.ts:18:69)\n    at authenticate (/Users/nil09/Desktop/Lambda5/Event-Scheduler/src/middlewares/auth.ts:30:11)\n    at process.processTicksAndRejections (node:internal/process/task_queues:105:5)"
-------------------
[2026-08-24T06:44:01.870Z] GET /api/availability/rules
Payload: undefined
Error: User not found.
Details: "ApiError: User not found.\n    at unauthorized (/Users/nil09/Desktop/Lambda5/Event-Scheduler/src/utils/api-error.ts:18:69)\n    at authenticate (/Users/nil09/Desktop/Lambda5/Event-Scheduler/src/middlewares/auth.ts:30:11)\n    at process.processTicksAndRejections (node:internal/process/task_queues:105:5)"
-------------------
[2026-08-24T06:44:01.913Z] GET /api/availability/rules
Payload: undefined
Error: User not found.
Details: "ApiError: User not found.\n    at unauthorized (/Users/nil09/Desktop/Lambda5/Event-Scheduler/src/utils/api-error.ts:18:69)\n    at authenticate (/Users/nil09/Desktop/Lambda5/Event-Scheduler/src/middlewares/auth.ts:30:11)\n    at process.processTicksAndRejections (node:internal/process/task_queues:105:5)"
-------------------
[2026-08-24T06:44:27.067Z] GET /api/bookings
Payload: undefined
Error: User not found.
Details: "ApiError: User not found.\n    at unauthorized (/Users/nil09/Desktop/Lambda5/Event-Scheduler/src/utils/api-error.ts:18:69)\n    at authenticate (/Users/nil09/Desktop/Lambda5/Event-Scheduler/src/middlewares/auth.ts:30:11)\n    at process.processTicksAndRejections (node:internal/process/task_queues:105:5)"
-------------------
[2026-08-24T06:44:27.084Z] GET /api/bookings
Payload: undefined
Error: User not found.
Details: "ApiError: User not found.\n    at unauthorized (/Users/nil09/Desktop/Lambda5/Event-Scheduler/src/utils/api-error.ts:18:69)\n    at authenticate (/Users/nil09/Desktop/Lambda5/Event-Scheduler/src/middlewares/auth.ts:30:11)\n    at process.processTicksAndRejections (node:internal/process/task_queues:105:5)"
-------------------
[2026-08-24T06:46:11.230Z] POST /api/event-types
Payload: {"title":"resume review session","slug":"resume-review-session","duration":15,"description":"just for the users want to their resume be reviewed"}
Error: User not found.
Details: "ApiError: User not found.\n    at unauthorized (/Users/nil09/Desktop/Lambda5/Event-Scheduler/src/utils/api-error.ts:18:69)\n    at authenticate (/Users/nil09/Desktop/Lambda5/Event-Scheduler/src/middlewares/auth.ts:30:11)\n    at process.processTicksAndRejections (node:internal/process/task_queues:105:5)"
-------------------
[2026-08-24T06:46:17.409Z] POST /api/event-types
Payload: {"title":"resume review session","slug":"resume-review-session","duration":15,"description":"just for the users want to their resume be reviewed"}
Error: User not found.
Details: "ApiError: User not found.\n    at unauthorized (/Users/nil09/Desktop/Lambda5/Event-Scheduler/src/utils/api-error.ts:18:69)\n    at authenticate (/Users/nil09/Desktop/Lambda5/Event-Scheduler/src/middlewares/auth.ts:30:11)\n    at process.processTicksAndRejections (node:internal/process/task_queues:105:5)"
-------------------
[2026-08-24T06:46:18.131Z] POST /api/event-types
Payload: {"title":"resume review session","slug":"resume-review-session","duration":15,"description":"just for the users want to their resume be reviewed"}
Error: User not found.
Details: "ApiError: User not found.\n    at unauthorized (/Users/nil09/Desktop/Lambda5/Event-Scheduler/src/utils/api-error.ts:18:69)\n    at authenticate (/Users/nil09/Desktop/Lambda5/Event-Scheduler/src/middlewares/auth.ts:30:11)\n    at process.processTicksAndRejections (node:internal/process/task_queues:105:5)"
-------------------
[2026-08-24T06:46:18.311Z] POST /api/event-types
Payload: {"title":"resume review session","slug":"resume-review-session","duration":15,"description":"just for the users want to their resume be reviewed"}
Error: User not found.
Details: "ApiError: User not found.\n    at unauthorized (/Users/nil09/Desktop/Lambda5/Event-Scheduler/src/utils/api-error.ts:18:69)\n    at authenticate (/Users/nil09/Desktop/Lambda5/Event-Scheduler/src/middlewares/auth.ts:30:11)\n    at process.processTicksAndRejections (node:internal/process/task_queues:105:5)"
-------------------
[2026-08-24T06:46:18.519Z] POST /api/event-types
Payload: {"title":"resume review session","slug":"resume-review-session","duration":15,"description":"just for the users want to their resume be reviewed"}
Error: User not found.
Details: "ApiError: User not found.\n    at unauthorized (/Users/nil09/Desktop/Lambda5/Event-Scheduler/src/utils/api-error.ts:18:69)\n    at authenticate (/Users/nil09/Desktop/Lambda5/Event-Scheduler/src/middlewares/auth.ts:30:11)\n    at process.processTicksAndRejections (node:internal/process/task_queues:105:5)"
-------------------
[2026-08-24T06:46:18.696Z] POST /api/event-types
Payload: {"title":"resume review session","slug":"resume-review-session","duration":15,"description":"just for the users want to their resume be reviewed"}
Error: User not found.
Details: "ApiError: User not found.\n    at unauthorized (/Users/nil09/Desktop/Lambda5/Event-Scheduler/src/utils/api-error.ts:18:69)\n    at authenticate (/Users/nil09/Desktop/Lambda5/Event-Scheduler/src/middlewares/auth.ts:30:11)\n    at process.processTicksAndRejections (node:internal/process/task_queues:105:5)"
-------------------
[2026-08-24T06:46:18.878Z] POST /api/event-types
Payload: {"title":"resume review session","slug":"resume-review-session","duration":15,"description":"just for the users want to their resume be reviewed"}
Error: User not found.
Details: "ApiError: User not found.\n    at unauthorized (/Users/nil09/Desktop/Lambda5/Event-Scheduler/src/utils/api-error.ts:18:69)\n    at authenticate (/Users/nil09/Desktop/Lambda5/Event-Scheduler/src/middlewares/auth.ts:30:11)\n    at process.processTicksAndRejections (node:internal/process/task_queues:105:5)"
-------------------
[2026-08-24T06:46:30.842Z] POST /api/event-types
Payload: {"title":"resume review session","slug":"resume-review-session","duration":15,"description":"just for the users want to their resume be reviewed"}
Error: User not found.
Details: "ApiError: User not found.\n    at unauthorized (/Users/nil09/Desktop/Lambda5/Event-Scheduler/src/utils/api-error.ts:18:69)\n    at authenticate (/Users/nil09/Desktop/Lambda5/Event-Scheduler/src/middlewares/auth.ts:30:11)\n    at process.processTicksAndRejections (node:internal/process/task_queues:105:5)"
-------------------
[2026-08-24T06:46:31.429Z] POST /api/event-types
Payload: {"title":"resume review session","slug":"resume-review-session","duration":15,"description":"just for the users want to their resume be reviewed"}
Error: User not found.
Details: "ApiError: User not found.\n    at unauthorized (/Users/nil09/Desktop/Lambda5/Event-Scheduler/src/utils/api-error.ts:18:69)\n    at authenticate (/Users/nil09/Desktop/Lambda5/Event-Scheduler/src/middlewares/auth.ts:30:11)\n    at process.processTicksAndRejections (node:internal/process/task_queues:105:5)"
-------------------
[2026-08-24T06:46:31.611Z] POST /api/event-types
Payload: {"title":"resume review session","slug":"resume-review-session","duration":15,"description":"just for the users want to their resume be reviewed"}
Error: User not found.
Details: "ApiError: User not found.\n    at unauthorized (/Users/nil09/Desktop/Lambda5/Event-Scheduler/src/utils/api-error.ts:18:69)\n    at authenticate (/Users/nil09/Desktop/Lambda5/Event-Scheduler/src/middlewares/auth.ts:30:11)\n    at process.processTicksAndRejections (node:internal/process/task_queues:105:5)"
-------------------
[2026-08-24T06:46:31.782Z] POST /api/event-types
Payload: {"title":"resume review session","slug":"resume-review-session","duration":15,"description":"just for the users want to their resume be reviewed"}
Error: User not found.
Details: "ApiError: User not found.\n    at unauthorized (/Users/nil09/Desktop/Lambda5/Event-Scheduler/src/utils/api-error.ts:18:69)\n    at authenticate (/Users/nil09/Desktop/Lambda5/Event-Scheduler/src/middlewares/auth.ts:30:11)\n    at process.processTicksAndRejections (node:internal/process/task_queues:105:5)"
-------------------
[2026-08-24T06:46:31.998Z] POST /api/event-types
Payload: {"title":"resume review session","slug":"resume-review-session","duration":15,"description":"just for the users want to their resume be reviewed"}
Error: User not found.
Details: "ApiError: User not found.\n    at unauthorized (/Users/nil09/Desktop/Lambda5/Event-Scheduler/src/utils/api-error.ts:18:69)\n    at authenticate (/Users/nil09/Desktop/Lambda5/Event-Scheduler/src/middlewares/auth.ts:30:11)\n    at process.processTicksAndRejections (node:internal/process/task_queues:105:5)"
-------------------
[2026-08-24T06:46:32.142Z] POST /api/event-types
Payload: {"title":"resume review session","slug":"resume-review-session","duration":15,"description":"just for the users want to their resume be reviewed"}
Error: User not found.
Details: "ApiError: User not found.\n    at unauthorized (/Users/nil09/Desktop/Lambda5/Event-Scheduler/src/utils/api-error.ts:18:69)\n    at authenticate (/Users/nil09/Desktop/Lambda5/Event-Scheduler/src/middlewares/auth.ts:30:11)\n    at process.processTicksAndRejections (node:internal/process/task_queues:105:5)"
-------------------
[2026-08-24T06:46:32.302Z] POST /api/event-types
Payload: {"title":"resume review session","slug":"resume-review-session","duration":15,"description":"just for the users want to their resume be reviewed"}
Error: User not found.
Details: "ApiError: User not found.\n    at unauthorized (/Users/nil09/Desktop/Lambda5/Event-Scheduler/src/utils/api-error.ts:18:69)\n    at authenticate (/Users/nil09/Desktop/Lambda5/Event-Scheduler/src/middlewares/auth.ts:30:11)\n    at process.processTicksAndRejections (node:internal/process/task_queues:105:5)"
-------------------
[2026-08-24T06:46:32.479Z] POST /api/event-types
Payload: {"title":"resume review session","slug":"resume-review-session","duration":15,"description":"just for the users want to their resume be reviewed"}
Error: User not found.
Details: "ApiError: User not found.\n    at unauthorized (/Users/nil09/Desktop/Lambda5/Event-Scheduler/src/utils/api-error.ts:18:69)\n    at authenticate (/Users/nil09/Desktop/Lambda5/Event-Scheduler/src/middlewares/auth.ts:30:11)\n    at process.processTicksAndRejections (node:internal/process/task_queues:105:5)"
-------------------
[2026-08-24T06:46:32.744Z] POST /api/event-types
Payload: {"title":"resume review session","slug":"resume-review-session","duration":15,"description":"just for the users want to their resume be reviewed"}
Error: User not found.
Details: "ApiError: User not found.\n    at unauthorized (/Users/nil09/Desktop/Lambda5/Event-Scheduler/src/utils/api-error.ts:18:69)\n    at authenticate (/Users/nil09/Desktop/Lambda5/Event-Scheduler/src/middlewares/auth.ts:30:11)\n    at process.processTicksAndRejections (node:internal/process/task_queues:105:5)"
-------------------
[2026-08-24T06:46:32.897Z] POST /api/event-types
Payload: {"title":"resume review session","slug":"resume-review-session","duration":15,"description":"just for the users want to their resume be reviewed"}
Error: User not found.
Details: "ApiError: User not found.\n    at unauthorized (/Users/nil09/Desktop/Lambda5/Event-Scheduler/src/utils/api-error.ts:18:69)\n    at authenticate (/Users/nil09/Desktop/Lambda5/Event-Scheduler/src/middlewares/auth.ts:30:11)\n    at process.processTicksAndRejections (node:internal/process/task_queues:105:5)"
-------------------
[2026-08-24T06:46:33.064Z] POST /api/event-types
Payload: {"title":"resume review session","slug":"resume-review-session","duration":15,"description":"just for the users want to their resume be reviewed"}
Error: User not found.
Details: "ApiError: User not found.\n    at unauthorized (/Users/nil09/Desktop/Lambda5/Event-Scheduler/src/utils/api-error.ts:18:69)\n    at authenticate (/Users/nil09/Desktop/Lambda5/Event-Scheduler/src/middlewares/auth.ts:30:11)\n    at process.processTicksAndRejections (node:internal/process/task_queues:105:5)"
-------------------
[2026-08-24T06:46:33.222Z] POST /api/event-types
Payload: {"title":"resume review session","slug":"resume-review-session","duration":15,"description":"just for the users want to their resume be reviewed"}
Error: User not found.
Details: "ApiError: User not found.\n    at unauthorized (/Users/nil09/Desktop/Lambda5/Event-Scheduler/src/utils/api-error.ts:18:69)\n    at authenticate (/Users/nil09/Desktop/Lambda5/Event-Scheduler/src/middlewares/auth.ts:30:11)\n    at process.processTicksAndRejections (node:internal/process/task_queues:105:5)"
-------------------
[2026-08-24T06:46:33.396Z] POST /api/event-types
Payload: {"title":"resume review session","slug":"resume-review-session","duration":15,"description":"just for the users want to their resume be reviewed"}
Error: User not found.
Details: "ApiError: User not found.\n    at unauthorized (/Users/nil09/Desktop/Lambda5/Event-Scheduler/src/utils/api-error.ts:18:69)\n    at authenticate (/Users/nil09/Desktop/Lambda5/Event-Scheduler/src/middlewares/auth.ts:30:11)\n    at process.processTicksAndRejections (node:internal/process/task_queues:105:5)"
-------------------
[2026-08-24T06:46:33.710Z] POST /api/event-types
Payload: {"title":"resume review session","slug":"resume-review-session","duration":15,"description":"just for the users want to their resume be reviewed"}
Error: User not found.
Details: "ApiError: User not found.\n    at unauthorized (/Users/nil09/Desktop/Lambda5/Event-Scheduler/src/utils/api-error.ts:18:69)\n    at authenticate (/Users/nil09/Desktop/Lambda5/Event-Scheduler/src/middlewares/auth.ts:30:11)\n    at process.processTicksAndRejections (node:internal/process/task_queues:105:5)"
-------------------
[2026-08-24T06:46:33.892Z] POST /api/event-types
Payload: {"title":"resume review session","slug":"resume-review-session","duration":15,"description":"just for the users want to their resume be reviewed"}
Error: User not found.
Details: "ApiError: User not found.\n    at unauthorized (/Users/nil09/Desktop/Lambda5/Event-Scheduler/src/utils/api-error.ts:18:69)\n    at authenticate (/Users/nil09/Desktop/Lambda5/Event-Scheduler/src/middlewares/auth.ts:30:11)\n    at process.processTicksAndRejections (node:internal/process/task_queues:105:5)"
-------------------
[2026-08-24T06:46:34.059Z] POST /api/event-types
Payload: {"title":"resume review session","slug":"resume-review-session","duration":15,"description":"just for the users want to their resume be reviewed"}
Error: User not found.
Details: "ApiError: User not found.\n    at unauthorized (/Users/nil09/Desktop/Lambda5/Event-Scheduler/src/utils/api-error.ts:18:69)\n    at authenticate (/Users/nil09/Desktop/Lambda5/Event-Scheduler/src/middlewares/auth.ts:30:11)\n    at process.processTicksAndRejections (node:internal/process/task_queues:105:5)"
-------------------
[2026-08-24T06:46:34.226Z] POST /api/event-types
Payload: {"title":"resume review session","slug":"resume-review-session","duration":15,"description":"just for the users want to their resume be reviewed"}
Error: User not found.
Details: "ApiError: User not found.\n    at unauthorized (/Users/nil09/Desktop/Lambda5/Event-Scheduler/src/utils/api-error.ts:18:69)\n    at authenticate (/Users/nil09/Desktop/Lambda5/Event-Scheduler/src/middlewares/auth.ts:30:11)\n    at process.processTicksAndRejections (node:internal/process/task_queues:105:5)"
-------------------
[2026-08-24T06:46:34.380Z] POST /api/event-types
Payload: {"title":"resume review session","slug":"resume-review-session","duration":15,"description":"just for the users want to their resume be reviewed"}
Error: User not found.
Details: "ApiError: User not found.\n    at unauthorized (/Users/nil09/Desktop/Lambda5/Event-Scheduler/src/utils/api-error.ts:18:69)\n    at authenticate (/Users/nil09/Desktop/Lambda5/Event-Scheduler/src/middlewares/auth.ts:30:11)\n    at process.processTicksAndRejections (node:internal/process/task_queues:105:5)"
-------------------
[2026-08-24T06:46:34.531Z] POST /api/event-types
Payload: {"title":"resume review session","slug":"resume-review-session","duration":15,"description":"just for the users want to their resume be reviewed"}
Error: User not found.
Details: "ApiError: User not found.\n    at unauthorized (/Users/nil09/Desktop/Lambda5/Event-Scheduler/src/utils/api-error.ts:18:69)\n    at authenticate (/Users/nil09/Desktop/Lambda5/Event-Scheduler/src/middlewares/auth.ts:30:11)\n    at process.processTicksAndRejections (node:internal/process/task_queues:105:5)"
-------------------
[2026-08-24T06:46:34.693Z] POST /api/event-types
Payload: {"title":"resume review session","slug":"resume-review-session","duration":15,"description":"just for the users want to their resume be reviewed"}
Error: User not found.
Details: "ApiError: User not found.\n    at unauthorized (/Users/nil09/Desktop/Lambda5/Event-Scheduler/src/utils/api-error.ts:18:69)\n    at authenticate (/Users/nil09/Desktop/Lambda5/Event-Scheduler/src/middlewares/auth.ts:30:11)\n    at process.processTicksAndRejections (node:internal/process/task_queues:105:5)"
-------------------
[2026-08-24T06:46:34.959Z] POST /api/event-types
Payload: {"title":"resume review session","slug":"resume-review-session","duration":15,"description":"just for the users want to their resume be reviewed"}
Error: User not found.
Details: "ApiError: User not found.\n    at unauthorized (/Users/nil09/Desktop/Lambda5/Event-Scheduler/src/utils/api-error.ts:18:69)\n    at authenticate (/Users/nil09/Desktop/Lambda5/Event-Scheduler/src/middlewares/auth.ts:30:11)\n    at process.processTicksAndRejections (node:internal/process/task_queues:105:5)"
-------------------
[2026-08-24T06:46:35.263Z] POST /api/event-types
Payload: {"title":"resume review session","slug":"resume-review-session","duration":15,"description":"just for the users want to their resume be reviewed"}
Error: User not found.
Details: "ApiError: User not found.\n    at unauthorized (/Users/nil09/Desktop/Lambda5/Event-Scheduler/src/utils/api-error.ts:18:69)\n    at authenticate (/Users/nil09/Desktop/Lambda5/Event-Scheduler/src/middlewares/auth.ts:30:11)\n    at process.processTicksAndRejections (node:internal/process/task_queues:105:5)"
-------------------
[2026-08-24T06:46:35.443Z] POST /api/event-types
Payload: {"title":"resume review session","slug":"resume-review-session","duration":15,"description":"just for the users want to their resume be reviewed"}
Error: User not found.
Details: "ApiError: User not found.\n    at unauthorized (/Users/nil09/Desktop/Lambda5/Event-Scheduler/src/utils/api-error.ts:18:69)\n    at authenticate (/Users/nil09/Desktop/Lambda5/Event-Scheduler/src/middlewares/auth.ts:30:11)\n    at process.processTicksAndRejections (node:internal/process/task_queues:105:5)"
-------------------
[2026-08-24T06:46:35.735Z] POST /api/event-types
Payload: {"title":"resume review session","slug":"resume-review-session","duration":15,"description":"just for the users want to their resume be reviewed"}
Error: User not found.
Details: "ApiError: User not found.\n    at unauthorized (/Users/nil09/Desktop/Lambda5/Event-Scheduler/src/utils/api-error.ts:18:69)\n    at authenticate (/Users/nil09/Desktop/Lambda5/Event-Scheduler/src/middlewares/auth.ts:30:11)\n    at process.processTicksAndRejections (node:internal/process/task_queues:105:5)"
-------------------
[2026-08-24T06:46:35.774Z] POST /api/event-types
Payload: {"title":"resume review session","slug":"resume-review-session","duration":15,"description":"just for the users want to their resume be reviewed"}
Error: User not found.
Details: "ApiError: User not found.\n    at unauthorized (/Users/nil09/Desktop/Lambda5/Event-Scheduler/src/utils/api-error.ts:18:69)\n    at authenticate (/Users/nil09/Desktop/Lambda5/Event-Scheduler/src/middlewares/auth.ts:30:11)\n    at process.processTicksAndRejections (node:internal/process/task_queues:105:5)"
-------------------
[2026-08-24T06:46:35.948Z] POST /api/event-types
Payload: {"title":"resume review session","slug":"resume-review-session","duration":15,"description":"just for the users want to their resume be reviewed"}
Error: User not found.
Details: "ApiError: User not found.\n    at unauthorized (/Users/nil09/Desktop/Lambda5/Event-Scheduler/src/utils/api-error.ts:18:69)\n    at authenticate (/Users/nil09/Desktop/Lambda5/Event-Scheduler/src/middlewares/auth.ts:30:11)\n    at process.processTicksAndRejections (node:internal/process/task_queues:105:5)"
-------------------
[2026-08-24T06:46:36.077Z] POST /api/event-types
Payload: {"title":"resume review session","slug":"resume-review-session","duration":15,"description":"just for the users want to their resume be reviewed"}
Error: User not found.
Details: "ApiError: User not found.\n    at unauthorized (/Users/nil09/Desktop/Lambda5/Event-Scheduler/src/utils/api-error.ts:18:69)\n    at authenticate (/Users/nil09/Desktop/Lambda5/Event-Scheduler/src/middlewares/auth.ts:30:11)\n    at process.processTicksAndRejections (node:internal/process/task_queues:105:5)"
-------------------
[2026-08-24T06:46:36.244Z] POST /api/event-types
Payload: {"title":"resume review session","slug":"resume-review-session","duration":15,"description":"just for the users want to their resume be reviewed"}
Error: User not found.
Details: "ApiError: User not found.\n    at unauthorized (/Users/nil09/Desktop/Lambda5/Event-Scheduler/src/utils/api-error.ts:18:69)\n    at authenticate (/Users/nil09/Desktop/Lambda5/Event-Scheduler/src/middlewares/auth.ts:30:11)\n    at process.processTicksAndRejections (node:internal/process/task_queues:105:5)"
-------------------
[2026-08-24T06:46:36.409Z] POST /api/event-types
Payload: {"title":"resume review session","slug":"resume-review-session","duration":15,"description":"just for the users want to their resume be reviewed"}
Error: User not found.
Details: "ApiError: User not found.\n    at unauthorized (/Users/nil09/Desktop/Lambda5/Event-Scheduler/src/utils/api-error.ts:18:69)\n    at authenticate (/Users/nil09/Desktop/Lambda5/Event-Scheduler/src/middlewares/auth.ts:30:11)\n    at process.processTicksAndRejections (node:internal/process/task_queues:105:5)"
-------------------
[2026-08-24T06:46:36.596Z] POST /api/event-types
Payload: {"title":"resume review session","slug":"resume-review-session","duration":15,"description":"just for the users want to their resume be reviewed"}
Error: User not found.
Details: "ApiError: User not found.\n    at unauthorized (/Users/nil09/Desktop/Lambda5/Event-Scheduler/src/utils/api-error.ts:18:69)\n    at authenticate (/Users/nil09/Desktop/Lambda5/Event-Scheduler/src/middlewares/auth.ts:30:11)\n    at process.processTicksAndRejections (node:internal/process/task_queues:105:5)"
-------------------
[2026-08-24T06:46:36.879Z] POST /api/event-types
Payload: {"title":"resume review session","slug":"resume-review-session","duration":15,"description":"just for the users want to their resume be reviewed"}
Error: User not found.
Details: "ApiError: User not found.\n    at unauthorized (/Users/nil09/Desktop/Lambda5/Event-Scheduler/src/utils/api-error.ts:18:69)\n    at authenticate (/Users/nil09/Desktop/Lambda5/Event-Scheduler/src/middlewares/auth.ts:30:11)\n    at process.processTicksAndRejections (node:internal/process/task_queues:105:5)"
-------------------
[2026-08-24T06:46:37.093Z] POST /api/event-types
Payload: {"title":"resume review session","slug":"resume-review-session","duration":15,"description":"just for the users want to their resume be reviewed"}
Error: User not found.
Details: "ApiError: User not found.\n    at unauthorized (/Users/nil09/Desktop/Lambda5/Event-Scheduler/src/utils/api-error.ts:18:69)\n    at authenticate (/Users/nil09/Desktop/Lambda5/Event-Scheduler/src/middlewares/auth.ts:30:11)\n    at process.processTicksAndRejections (node:internal/process/task_queues:105:5)"
-------------------
[2026-08-24T06:46:37.364Z] POST /api/event-types
Payload: {"title":"resume review session","slug":"resume-review-session","duration":15,"description":"just for the users want to their resume be reviewed"}
Error: User not found.
Details: "ApiError: User not found.\n    at unauthorized (/Users/nil09/Desktop/Lambda5/Event-Scheduler/src/utils/api-error.ts:18:69)\n    at authenticate (/Users/nil09/Desktop/Lambda5/Event-Scheduler/src/middlewares/auth.ts:30:11)\n    at process.processTicksAndRejections (node:internal/process/task_queues:105:5)"
-------------------
[2026-08-24T06:46:37.575Z] POST /api/event-types
Payload: {"title":"resume review session","slug":"resume-review-session","duration":15,"description":"just for the users want to their resume be reviewed"}
Error: User not found.
Details: "ApiError: User not found.\n    at unauthorized (/Users/nil09/Desktop/Lambda5/Event-Scheduler/src/utils/api-error.ts:18:69)\n    at authenticate (/Users/nil09/Desktop/Lambda5/Event-Scheduler/src/middlewares/auth.ts:30:11)\n    at process.processTicksAndRejections (node:internal/process/task_queues:105:5)"
-------------------
[2026-08-24T06:46:37.759Z] POST /api/event-types
Payload: {"title":"resume review session","slug":"resume-review-session","duration":15,"description":"just for the users want to their resume be reviewed"}
Error: User not found.
Details: "ApiError: User not found.\n    at unauthorized (/Users/nil09/Desktop/Lambda5/Event-Scheduler/src/utils/api-error.ts:18:69)\n    at authenticate (/Users/nil09/Desktop/Lambda5/Event-Scheduler/src/middlewares/auth.ts:30:11)\n    at process.processTicksAndRejections (node:internal/process/task_queues:105:5)"
-------------------
[2026-08-24T06:46:38.146Z] POST /api/event-types
Payload: {"title":"resume review session","slug":"resume-review-session","duration":15,"description":"just for the users want to their resume be reviewed"}
Error: User not found.
Details: "ApiError: User not found.\n    at unauthorized (/Users/nil09/Desktop/Lambda5/Event-Scheduler/src/utils/api-error.ts:18:69)\n    at authenticate (/Users/nil09/Desktop/Lambda5/Event-Scheduler/src/middlewares/auth.ts:30:11)\n    at process.processTicksAndRejections (node:internal/process/task_queues:105:5)"
-------------------
[2026-08-24T06:46:38.311Z] POST /api/event-types
Payload: {"title":"resume review session","slug":"resume-review-session","duration":15,"description":"just for the users want to their resume be reviewed"}
Error: User not found.
Details: "ApiError: User not found.\n    at unauthorized (/Users/nil09/Desktop/Lambda5/Event-Scheduler/src/utils/api-error.ts:18:69)\n    at authenticate (/Users/nil09/Desktop/Lambda5/Event-Scheduler/src/middlewares/auth.ts:30:11)\n    at process.processTicksAndRejections (node:internal/process/task_queues:105:5)"
-------------------
[2026-08-24T06:46:38.444Z] POST /api/event-types
Payload: {"title":"resume review session","slug":"resume-review-session","duration":15,"description":"just for the users want to their resume be reviewed"}
Error: User not found.
Details: "ApiError: User not found.\n    at unauthorized (/Users/nil09/Desktop/Lambda5/Event-Scheduler/src/utils/api-error.ts:18:69)\n    at authenticate (/Users/nil09/Desktop/Lambda5/Event-Scheduler/src/middlewares/auth.ts:30:11)\n    at process.processTicksAndRejections (node:internal/process/task_queues:105:5)"
-------------------
[2026-08-24T06:46:38.626Z] POST /api/event-types
Payload: {"title":"resume review session","slug":"resume-review-session","duration":15,"description":"just for the users want to their resume be reviewed"}
Error: User not found.
Details: "ApiError: User not found.\n    at unauthorized (/Users/nil09/Desktop/Lambda5/Event-Scheduler/src/utils/api-error.ts:18:69)\n    at authenticate (/Users/nil09/Desktop/Lambda5/Event-Scheduler/src/middlewares/auth.ts:30:11)\n    at process.processTicksAndRejections (node:internal/process/task_queues:105:5)"
-------------------
[2026-08-24T06:46:38.774Z] POST /api/event-types
Payload: {"title":"resume review session","slug":"resume-review-session","duration":15,"description":"just for the users want to their resume be reviewed"}
Error: User not found.
Details: "ApiError: User not found.\n    at unauthorized (/Users/nil09/Desktop/Lambda5/Event-Scheduler/src/utils/api-error.ts:18:69)\n    at authenticate (/Users/nil09/Desktop/Lambda5/Event-Scheduler/src/middlewares/auth.ts:30:11)\n    at process.processTicksAndRejections (node:internal/process/task_queues:105:5)"
-------------------
[2026-08-24T06:46:39.033Z] POST /api/event-types
Payload: {"title":"resume review session","slug":"resume-review-session","duration":15,"description":"just for the users want to their resume be reviewed"}
Error: User not found.
Details: "ApiError: User not found.\n    at unauthorized (/Users/nil09/Desktop/Lambda5/Event-Scheduler/src/utils/api-error.ts:18:69)\n    at authenticate (/Users/nil09/Desktop/Lambda5/Event-Scheduler/src/middlewares/auth.ts:30:11)\n    at process.processTicksAndRejections (node:internal/process/task_queues:105:5)"
-------------------
[2026-08-24T06:46:39.215Z] POST /api/event-types
Payload: {"title":"resume review session","slug":"resume-review-session","duration":15,"description":"just for the users want to their resume be reviewed"}
Error: User not found.
Details: "ApiError: User not found.\n    at unauthorized (/Users/nil09/Desktop/Lambda5/Event-Scheduler/src/utils/api-error.ts:18:69)\n    at authenticate (/Users/nil09/Desktop/Lambda5/Event-Scheduler/src/middlewares/auth.ts:30:11)\n    at process.processTicksAndRejections (node:internal/process/task_queues:105:5)"
-------------------
[2026-08-24T06:46:39.383Z] POST /api/event-types
Payload: {"title":"resume review session","slug":"resume-review-session","duration":15,"description":"just for the users want to their resume be reviewed"}
Error: User not found.
Details: "ApiError: User not found.\n    at unauthorized (/Users/nil09/Desktop/Lambda5/Event-Scheduler/src/utils/api-error.ts:18:69)\n    at authenticate (/Users/nil09/Desktop/Lambda5/Event-Scheduler/src/middlewares/auth.ts:30:11)\n    at process.processTicksAndRejections (node:internal/process/task_queues:105:5)"
-------------------
[2026-08-24T06:46:39.543Z] POST /api/event-types
Payload: {"title":"resume review session","slug":"resume-review-session","duration":15,"description":"just for the users want to their resume be reviewed"}
Error: User not found.
Details: "ApiError: User not found.\n    at unauthorized (/Users/nil09/Desktop/Lambda5/Event-Scheduler/src/utils/api-error.ts:18:69)\n    at authenticate (/Users/nil09/Desktop/Lambda5/Event-Scheduler/src/middlewares/auth.ts:30:11)\n    at process.processTicksAndRejections (node:internal/process/task_queues:105:5)"
-------------------
[2026-08-24T06:46:39.699Z] POST /api/event-types
Payload: {"title":"resume review session","slug":"resume-review-session","duration":15,"description":"just for the users want to their resume be reviewed"}
Error: User not found.
Details: "ApiError: User not found.\n    at unauthorized (/Users/nil09/Desktop/Lambda5/Event-Scheduler/src/utils/api-error.ts:18:69)\n    at authenticate (/Users/nil09/Desktop/Lambda5/Event-Scheduler/src/middlewares/auth.ts:30:11)\n    at process.processTicksAndRejections (node:internal/process/task_queues:105:5)"
-------------------
[2026-08-24T06:46:39.844Z] POST /api/event-types
Payload: {"title":"resume review session","slug":"resume-review-session","duration":15,"description":"just for the users want to their resume be reviewed"}
Error: User not found.
Details: "ApiError: User not found.\n    at unauthorized (/Users/nil09/Desktop/Lambda5/Event-Scheduler/src/utils/api-error.ts:18:69)\n    at authenticate (/Users/nil09/Desktop/Lambda5/Event-Scheduler/src/middlewares/auth.ts:30:11)\n    at process.processTicksAndRejections (node:internal/process/task_queues:105:5)"
-------------------
[2026-08-24T06:46:57.368Z] POST /api/event-types
Payload: {"title":"resume review session","slug":"resume-review-session","duration":15,"description":"just for the users want to their resume be reviewed"}
Error: User not found.
Details: "ApiError: User not found.\n    at unauthorized (/Users/nil09/Desktop/Lambda5/Event-Scheduler/src/utils/api-error.ts:18:69)\n    at authenticate (/Users/nil09/Desktop/Lambda5/Event-Scheduler/src/middlewares/auth.ts:30:11)\n    at process.processTicksAndRejections (node:internal/process/task_queues:105:5)"
-------------------
[2026-08-24T06:46:57.680Z] POST /api/event-types
Payload: {"title":"resume review session","slug":"resume-review-session","duration":15,"description":"just for the users want to their resume be reviewed"}
Error: User not found.
Details: "ApiError: User not found.\n    at unauthorized (/Users/nil09/Desktop/Lambda5/Event-Scheduler/src/utils/api-error.ts:18:69)\n    at authenticate (/Users/nil09/Desktop/Lambda5/Event-Scheduler/src/middlewares/auth.ts:30:11)\n    at process.processTicksAndRejections (node:internal/process/task_queues:105:5)"
-------------------
[2026-08-24T06:46:58.037Z] POST /api/event-types
Payload: {"title":"resume review session","slug":"resume-review-session","duration":15,"description":"just for the users want to their resume be reviewed"}
Error: User not found.
Details: "ApiError: User not found.\n    at unauthorized (/Users/nil09/Desktop/Lambda5/Event-Scheduler/src/utils/api-error.ts:18:69)\n    at authenticate (/Users/nil09/Desktop/Lambda5/Event-Scheduler/src/middlewares/auth.ts:30:11)\n    at process.processTicksAndRejections (node:internal/process/task_queues:105:5)"
-------------------
[2026-08-24T06:46:58.240Z] POST /api/event-types
Payload: {"title":"resume review session","slug":"resume-review-session","duration":15,"description":"just for the users want to their resume be reviewed"}
Error: User not found.
Details: "ApiError: User not found.\n    at unauthorized (/Users/nil09/Desktop/Lambda5/Event-Scheduler/src/utils/api-error.ts:18:69)\n    at authenticate (/Users/nil09/Desktop/Lambda5/Event-Scheduler/src/middlewares/auth.ts:30:11)\n    at process.processTicksAndRejections (node:internal/process/task_queues:105:5)"
-------------------
[2026-08-24T06:46:58.468Z] POST /api/event-types
Payload: {"title":"resume review session","slug":"resume-review-session","duration":15,"description":"just for the users want to their resume be reviewed"}
Error: User not found.
Details: "ApiError: User not found.\n    at unauthorized (/Users/nil09/Desktop/Lambda5/Event-Scheduler/src/utils/api-error.ts:18:69)\n    at authenticate (/Users/nil09/Desktop/Lambda5/Event-Scheduler/src/middlewares/auth.ts:30:11)\n    at process.processTicksAndRejections (node:internal/process/task_queues:105:5)"
-------------------
[2026-08-24T06:46:58.643Z] POST /api/event-types
Payload: {"title":"resume review session","slug":"resume-review-session","duration":15,"description":"just for the users want to their resume be reviewed"}
Error: User not found.
Details: "ApiError: User not found.\n    at unauthorized (/Users/nil09/Desktop/Lambda5/Event-Scheduler/src/utils/api-error.ts:18:69)\n    at authenticate (/Users/nil09/Desktop/Lambda5/Event-Scheduler/src/middlewares/auth.ts:30:11)\n    at process.processTicksAndRejections (node:internal/process/task_queues:105:5)"
-------------------
[2026-08-24T06:46:58.832Z] POST /api/event-types
Payload: {"title":"resume review session","slug":"resume-review-session","duration":15,"description":"just for the users want to their resume be reviewed"}
Error: User not found.
Details: "ApiError: User not found.\n    at unauthorized (/Users/nil09/Desktop/Lambda5/Event-Scheduler/src/utils/api-error.ts:18:69)\n    at authenticate (/Users/nil09/Desktop/Lambda5/Event-Scheduler/src/middlewares/auth.ts:30:11)\n    at process.processTicksAndRejections (node:internal/process/task_queues:105:5)"
-------------------
[2026-08-24T06:46:59.011Z] POST /api/event-types
Payload: {"title":"resume review session","slug":"resume-review-session","duration":15,"description":"just for the users want to their resume be reviewed"}
Error: User not found.
Details: "ApiError: User not found.\n    at unauthorized (/Users/nil09/Desktop/Lambda5/Event-Scheduler/src/utils/api-error.ts:18:69)\n    at authenticate (/Users/nil09/Desktop/Lambda5/Event-Scheduler/src/middlewares/auth.ts:30:11)\n    at process.processTicksAndRejections (node:internal/process/task_queues:105:5)"
-------------------
[2026-08-24T06:46:59.211Z] POST /api/event-types
Payload: {"title":"resume review session","slug":"resume-review-session","duration":15,"description":"just for the users want to their resume be reviewed"}
Error: User not found.
Details: "ApiError: User not found.\n    at unauthorized (/Users/nil09/Desktop/Lambda5/Event-Scheduler/src/utils/api-error.ts:18:69)\n    at authenticate (/Users/nil09/Desktop/Lambda5/Event-Scheduler/src/middlewares/auth.ts:30:11)\n    at process.processTicksAndRejections (node:internal/process/task_queues:105:5)"
-------------------
[2026-08-24T06:46:59.393Z] POST /api/event-types
Payload: {"title":"resume review session","slug":"resume-review-session","duration":15,"description":"just for the users want to their resume be reviewed"}
Error: User not found.
Details: "ApiError: User not found.\n    at unauthorized (/Users/nil09/Desktop/Lambda5/Event-Scheduler/src/utils/api-error.ts:18:69)\n    at authenticate (/Users/nil09/Desktop/Lambda5/Event-Scheduler/src/middlewares/auth.ts:30:11)\n    at process.processTicksAndRejections (node:internal/process/task_queues:105:5)"
-------------------
[2026-08-24T06:46:59.708Z] POST /api/event-types
Payload: {"title":"resume review session","slug":"resume-review-session","duration":15,"description":"just for the users want to their resume be reviewed"}
Error: User not found.
Details: "ApiError: User not found.\n    at unauthorized (/Users/nil09/Desktop/Lambda5/Event-Scheduler/src/utils/api-error.ts:18:69)\n    at authenticate (/Users/nil09/Desktop/Lambda5/Event-Scheduler/src/middlewares/auth.ts:30:11)\n    at process.processTicksAndRejections (node:internal/process/task_queues:105:5)"
-------------------
[2026-08-24T06:46:59.890Z] POST /api/event-types
Payload: {"title":"resume review session","slug":"resume-review-session","duration":15,"description":"just for the users want to their resume be reviewed"}
Error: User not found.
Details: "ApiError: User not found.\n    at unauthorized (/Users/nil09/Desktop/Lambda5/Event-Scheduler/src/utils/api-error.ts:18:69)\n    at authenticate (/Users/nil09/Desktop/Lambda5/Event-Scheduler/src/middlewares/auth.ts:30:11)\n    at process.processTicksAndRejections (node:internal/process/task_queues:105:5)"
-------------------
[2026-08-24T06:47:00.093Z] POST /api/event-types
Payload: {"title":"resume review session","slug":"resume-review-session","duration":15,"description":"just for the users want to their resume be reviewed"}
Error: User not found.
Details: "ApiError: User not found.\n    at unauthorized (/Users/nil09/Desktop/Lambda5/Event-Scheduler/src/utils/api-error.ts:18:69)\n    at authenticate (/Users/nil09/Desktop/Lambda5/Event-Scheduler/src/middlewares/auth.ts:30:11)\n    at process.processTicksAndRejections (node:internal/process/task_queues:105:5)"
-------------------
[2026-08-24T06:47:00.279Z] POST /api/event-types
Payload: {"title":"resume review session","slug":"resume-review-session","duration":15,"description":"just for the users want to their resume be reviewed"}
Error: User not found.
Details: "ApiError: User not found.\n    at unauthorized (/Users/nil09/Desktop/Lambda5/Event-Scheduler/src/utils/api-error.ts:18:69)\n    at authenticate (/Users/nil09/Desktop/Lambda5/Event-Scheduler/src/middlewares/auth.ts:30:11)\n    at process.processTicksAndRejections (node:internal/process/task_queues:105:5)"
-------------------
[2026-08-24T06:47:00.444Z] POST /api/event-types
Payload: {"title":"resume review session","slug":"resume-review-session","duration":15,"description":"just for the users want to their resume be reviewed"}
Error: User not found.
Details: "ApiError: User not found.\n    at unauthorized (/Users/nil09/Desktop/Lambda5/Event-Scheduler/src/utils/api-error.ts:18:69)\n    at authenticate (/Users/nil09/Desktop/Lambda5/Event-Scheduler/src/middlewares/auth.ts:30:11)\n    at process.processTicksAndRejections (node:internal/process/task_queues:105:5)"
-------------------
[2026-08-24T06:47:00.629Z] POST /api/event-types
Payload: {"title":"resume review session","slug":"resume-review-session","duration":15,"description":"just for the users want to their resume be reviewed"}
Error: User not found.
Details: "ApiError: User not found.\n    at unauthorized (/Users/nil09/Desktop/Lambda5/Event-Scheduler/src/utils/api-error.ts:18:69)\n    at authenticate (/Users/nil09/Desktop/Lambda5/Event-Scheduler/src/middlewares/auth.ts:30:11)\n    at process.processTicksAndRejections (node:internal/process/task_queues:105:5)"
-------------------
[2026-08-24T06:47:00.849Z] POST /api/event-types
Payload: {"title":"resume review session","slug":"resume-review-session","duration":15,"description":"just for the users want to their resume be reviewed"}
Error: User not found.
Details: "ApiError: User not found.\n    at unauthorized (/Users/nil09/Desktop/Lambda5/Event-Scheduler/src/utils/api-error.ts:18:69)\n    at authenticate (/Users/nil09/Desktop/Lambda5/Event-Scheduler/src/middlewares/auth.ts:30:11)\n    at process.processTicksAndRejections (node:internal/process/task_queues:105:5)"
-------------------
[2026-08-24T06:47:02.378Z] GET /api/bookings
Payload: undefined
Error: User not found.
Details: "ApiError: User not found.\n    at unauthorized (/Users/nil09/Desktop/Lambda5/Event-Scheduler/src/utils/api-error.ts:18:69)\n    at authenticate (/Users/nil09/Desktop/Lambda5/Event-Scheduler/src/middlewares/auth.ts:30:11)\n    at process.processTicksAndRejections (node:internal/process/task_queues:105:5)"
-------------------
[2026-08-24T06:47:02.385Z] GET /api/bookings
Payload: undefined
Error: User not found.
Details: "ApiError: User not found.\n    at unauthorized (/Users/nil09/Desktop/Lambda5/Event-Scheduler/src/utils/api-error.ts:18:69)\n    at authenticate (/Users/nil09/Desktop/Lambda5/Event-Scheduler/src/middlewares/auth.ts:30:11)\n    at process.processTicksAndRejections (node:internal/process/task_queues:105:5)"
-------------------
[2026-08-24T06:47:20.670Z] GET /api/availability/rules
Payload: undefined
Error: User not found.
Details: "ApiError: User not found.\n    at unauthorized (/Users/nil09/Desktop/Lambda5/Event-Scheduler/src/utils/api-error.ts:18:69)\n    at authenticate (/Users/nil09/Desktop/Lambda5/Event-Scheduler/src/middlewares/auth.ts:30:11)\n    at process.processTicksAndRejections (node:internal/process/task_queues:105:5)"
-------------------
[2026-08-24T06:47:20.716Z] GET /api/availability/rules
Payload: undefined
Error: User not found.
Details: "ApiError: User not found.\n    at unauthorized (/Users/nil09/Desktop/Lambda5/Event-Scheduler/src/utils/api-error.ts:18:69)\n    at authenticate (/Users/nil09/Desktop/Lambda5/Event-Scheduler/src/middlewares/auth.ts:30:11)\n    at process.processTicksAndRejections (node:internal/process/task_queues:105:5)"
-------------------
[2026-08-24T06:47:22.283Z] GET /api/integrations/google/callback
Payload: undefined
Error: Cannot read properties of undefined (reading 'client_id')
Details: "TypeError: Cannot read properties of undefined (reading 'client_id')\n    at OAuth2Client.getTokenAsync (/Users/nil09/Desktop/Lambda5/Event-Scheduler/node_modules/googleapis-common/node_modules/google-auth-library/build/src/auth/oauth2client.js:184:32)\n    at OAuth2Client.getToken (/Users/nil09/Desktop/Lambda5/Event-Scheduler/node_modules/googleapis-common/node_modules/google-auth-library/build/src/auth/oauth2client.js:177:25)\n    at exchangeSetupCode (/Users/nil09/Desktop/Lambda5/Event-Scheduler/src/services/googleCalneder.service.ts:53:39)\n    at handleGoogleCallback (/Users/nil09/Desktop/Lambda5/Event-Scheduler/src/controllers/google.controller.ts:9:43)\n    at Layer.handleRequest (/Users/nil09/Desktop/Lambda5/Event-Scheduler/node_modules/router/lib/layer.js:152:17)\n    at next (/Users/nil09/Desktop/Lambda5/Event-Scheduler/node_modules/router/lib/route.js:157:13)\n    at Route.dispatch (/Users/nil09/Desktop/Lambda5/Event-Scheduler/node_modules/router/lib/route.js:117:3)\n    at handle (/Users/nil09/Desktop/Lambda5/Event-Scheduler/node_modules/router/index.js:435:11)\n    at Layer.handleRequest (/Users/nil09/Desktop/Lambda5/Event-Scheduler/node_modules/router/lib/layer.js:152:17)\n    at /Users/nil09/Desktop/Lambda5/Event-Scheduler/node_modules/router/index.js:295:15"
-------------------
[2026-08-24T06:47:38.642Z] POST /api/users/createUser
Payload: {"name":"Nilkamal","email":"benil8235@gmail.com"}
Error: Validation failed
Details: [{"expected":"string","code":"invalid_type","path":["Email"],"message":"invalid email address"}]
-------------------
[2026-08-24T06:47:47.151Z] POST /api/users/createUser
Payload: {"name":"Nilkamal","email":"benil8235@gmail.com"}
Error: Validation failed
Details: [{"expected":"string","code":"invalid_type","path":["Email"],"message":"invalid email address"}]
-------------------
[2026-08-24T06:47:51.823Z] GET /api/bookings
Payload: undefined
Error: User not found.
Details: "ApiError: User not found.\n    at unauthorized (/Users/nil09/Desktop/Lambda5/Event-Scheduler/src/utils/api-error.ts:18:69)\n    at authenticate (/Users/nil09/Desktop/Lambda5/Event-Scheduler/src/middlewares/auth.ts:30:11)\n    at process.processTicksAndRejections (node:internal/process/task_queues:105:5)"
-------------------
[2026-08-24T06:47:51.838Z] GET /api/bookings
Payload: undefined
Error: User not found.
Details: "ApiError: User not found.\n    at unauthorized (/Users/nil09/Desktop/Lambda5/Event-Scheduler/src/utils/api-error.ts:18:69)\n    at authenticate (/Users/nil09/Desktop/Lambda5/Event-Scheduler/src/middlewares/auth.ts:30:11)\n    at process.processTicksAndRejections (node:internal/process/task_queues:105:5)"
-------------------
[2026-08-24T06:48:02.568Z] POST /api/event-types
Payload: {"title":"30 Min Discovery","durationMin":30,"slug":"30-min-discovery","description":"Test event"}
Error: User not found.
Details: "ApiError: User not found.\n    at unauthorized (/Users/nil09/Desktop/Lambda5/Event-Scheduler/src/utils/api-error.ts:18:69)\n    at authenticate (/Users/nil09/Desktop/Lambda5/Event-Scheduler/src/middlewares/auth.ts:30:11)\n    at process.processTicksAndRejections (node:internal/process/task_queues:105:5)"
-------------------
[2026-08-24T06:49:51.356Z] GET /api/bookings
Payload: undefined
Error: User not found.
Details: "ApiError: User not found.\n    at unauthorized (/Users/nil09/Desktop/Lambda5/Event-Scheduler/src/utils/api-error.ts:18:69)\n    at authenticate (/Users/nil09/Desktop/Lambda5/Event-Scheduler/src/middlewares/auth.ts:30:11)\n    at process.processTicksAndRejections (node:internal/process/task_queues:105:5)"
-------------------
[2026-08-24T06:49:51.390Z] GET /api/bookings
Payload: undefined
Error: User not found.
Details: "ApiError: User not found.\n    at unauthorized (/Users/nil09/Desktop/Lambda5/Event-Scheduler/src/utils/api-error.ts:18:69)\n    at authenticate (/Users/nil09/Desktop/Lambda5/Event-Scheduler/src/middlewares/auth.ts:30:11)\n    at process.processTicksAndRejections (node:internal/process/task_queues:105:5)"
-------------------
[2026-08-24T06:50:35.801Z] POST /api/bookings
Payload: {"hostId":3,"startTime":"2026-08-24T03:30:00.000Z","guestName":"Nilkamal","guestEmail":"benil8235@gmail.com","guestNotes":"knkdnkfnsd"}
Error: Validation failed
Details: [{"expected":"string","code":"invalid_type","path":["slotId"],"message":"Invalid input: expected string, received undefined"},{"expected":"string","code":"invalid_type","path":["inviteeEmail"],"message":"Email is required"},{"expected":"string","code":"invalid_type","path":["inviteeName"],"message":"Invalid input: expected string, received undefined"}]
-------------------
[2026-08-24T06:50:39.091Z] POST /api/bookings
Payload: {"hostId":3,"startTime":"2026-08-24T03:30:00.000Z","guestName":"Nilkamal","guestEmail":"benil8235@gmail.com","guestNotes":"knkdnkfnsd"}
Error: Validation failed
Details: [{"expected":"string","code":"invalid_type","path":["slotId"],"message":"Invalid input: expected string, received undefined"},{"expected":"string","code":"invalid_type","path":["inviteeEmail"],"message":"Email is required"},{"expected":"string","code":"invalid_type","path":["inviteeName"],"message":"Invalid input: expected string, received undefined"}]
-------------------
[2026-08-24T06:50:46.041Z] POST /api/bookings
Payload: {"hostId":3,"startTime":"2026-08-24T03:30:00.000Z","guestName":"Nilkamal","guestEmail":"benil8235@gmail.com","guestNotes":"knkdnkfnsd"}
Error: Validation failed
Details: [{"expected":"string","code":"invalid_type","path":["slotId"],"message":"Invalid input: expected string, received undefined"},{"expected":"string","code":"invalid_type","path":["inviteeEmail"],"message":"Email is required"},{"expected":"string","code":"invalid_type","path":["inviteeName"],"message":"Invalid input: expected string, received undefined"}]
-------------------
[2026-08-24T06:50:48.443Z] POST /api/bookings
Payload: {"hostId":3,"startTime":"2026-08-24T03:30:00.000Z","guestName":"Nilkamal","guestEmail":"benil8235@gmail.com","guestNotes":"knkdnkfnsd"}
Error: Validation failed
Details: [{"expected":"string","code":"invalid_type","path":["slotId"],"message":"Invalid input: expected string, received undefined"},{"expected":"string","code":"invalid_type","path":["inviteeEmail"],"message":"Email is required"},{"expected":"string","code":"invalid_type","path":["inviteeName"],"message":"Invalid input: expected string, received undefined"}]
-------------------
[2026-08-24T06:51:44.644Z] GET /api/bookings
Payload: undefined
Error: User not found.
Details: "ApiError: User not found.\n    at unauthorized (/Users/nil09/Desktop/Lambda5/Event-Scheduler/src/utils/api-error.ts:18:69)\n    at authenticate (/Users/nil09/Desktop/Lambda5/Event-Scheduler/src/middlewares/auth.ts:30:11)\n    at process.processTicksAndRejections (node:internal/process/task_queues:105:5)"
-------------------
[2026-08-24T06:51:44.696Z] GET /api/bookings
Payload: undefined
Error: User not found.
Details: "ApiError: User not found.\n    at unauthorized (/Users/nil09/Desktop/Lambda5/Event-Scheduler/src/utils/api-error.ts:18:69)\n    at authenticate (/Users/nil09/Desktop/Lambda5/Event-Scheduler/src/middlewares/auth.ts:30:11)\n    at process.processTicksAndRejections (node:internal/process/task_queues:105:5)"
-------------------
[2026-08-24T06:53:16.336Z] GET /api/bookings
Payload: undefined
Error: User not found.
Details: "ApiError: User not found.\n    at unauthorized (/Users/nil09/Desktop/Lambda5/Event-Scheduler/src/utils/api-error.ts:18:69)\n    at authenticate (/Users/nil09/Desktop/Lambda5/Event-Scheduler/src/middlewares/auth.ts:30:11)\n    at process.processTicksAndRejections (node:internal/process/task_queues:105:5)"
-------------------
[2026-08-24T06:53:16.843Z] GET /api/bookings
Payload: undefined
Error: User not found.
Details: "ApiError: User not found.\n    at unauthorized (/Users/nil09/Desktop/Lambda5/Event-Scheduler/src/utils/api-error.ts:18:69)\n    at authenticate (/Users/nil09/Desktop/Lambda5/Event-Scheduler/src/middlewares/auth.ts:30:11)\n    at process.processTicksAndRejections (node:internal/process/task_queues:105:5)"
-------------------
[2026-08-24T06:54:06.970Z] GET /api/bookings
Payload: undefined
Error: User not found.
Details: "ApiError: User not found.\n    at unauthorized (/Users/nil09/Desktop/Lambda5/Event-Scheduler/src/utils/api-error.ts:18:69)\n    at authenticate (/Users/nil09/Desktop/Lambda5/Event-Scheduler/src/middlewares/auth.ts:30:11)\n    at process.processTicksAndRejections (node:internal/process/task_queues:105:5)"
-------------------
[2026-08-24T06:54:06.979Z] GET /api/bookings
Payload: undefined
Error: User not found.
Details: "ApiError: User not found.\n    at unauthorized (/Users/nil09/Desktop/Lambda5/Event-Scheduler/src/utils/api-error.ts:18:69)\n    at authenticate (/Users/nil09/Desktop/Lambda5/Event-Scheduler/src/middlewares/auth.ts:30:11)\n    at process.processTicksAndRejections (node:internal/process/task_queues:105:5)"
-------------------
[2026-08-24T06:54:14.376Z] GET /api/bookings
Payload: undefined
Error: User not found.
Details: "ApiError: User not found.\n    at unauthorized (/Users/nil09/Desktop/Lambda5/Event-Scheduler/src/utils/api-error.ts:18:69)\n    at authenticate (/Users/nil09/Desktop/Lambda5/Event-Scheduler/src/middlewares/auth.ts:30:11)\n    at process.processTicksAndRejections (node:internal/process/task_queues:105:5)"
-------------------
[2026-08-24T06:54:14.391Z] GET /api/bookings
Payload: undefined
Error: User not found.
Details: "ApiError: User not found.\n    at unauthorized (/Users/nil09/Desktop/Lambda5/Event-Scheduler/src/utils/api-error.ts:18:69)\n    at authenticate (/Users/nil09/Desktop/Lambda5/Event-Scheduler/src/middlewares/auth.ts:30:11)\n    at process.processTicksAndRejections (node:internal/process/task_queues:105:5)"
-------------------
[2026-08-24T07:03:27.760Z] GET /api/availability/rules
Payload: undefined
Error: User not found.
Details: "ApiError: User not found.\n    at unauthorized (/Users/nil09/Desktop/Lambda5/Event-Scheduler/src/utils/api-error.ts:18:69)\n    at authenticate (/Users/nil09/Desktop/Lambda5/Event-Scheduler/src/middlewares/auth.ts:30:11)\n    at process.processTicksAndRejections (node:internal/process/task_queues:105:5)"
-------------------
[2026-08-24T07:03:27.771Z] GET /api/bookings
Payload: undefined
Error: User not found.
Details: "ApiError: User not found.\n    at unauthorized (/Users/nil09/Desktop/Lambda5/Event-Scheduler/src/utils/api-error.ts:18:69)\n    at authenticate (/Users/nil09/Desktop/Lambda5/Event-Scheduler/src/middlewares/auth.ts:30:11)\n    at process.processTicksAndRejections (node:internal/process/task_queues:105:5)"
-------------------
[2026-08-24T07:03:27.787Z] GET /api/availability/rules
Payload: undefined
Error: User not found.
Details: "ApiError: User not found.\n    at unauthorized (/Users/nil09/Desktop/Lambda5/Event-Scheduler/src/utils/api-error.ts:18:69)\n    at authenticate (/Users/nil09/Desktop/Lambda5/Event-Scheduler/src/middlewares/auth.ts:30:11)\n    at process.processTicksAndRejections (node:internal/process/task_queues:105:5)"
-------------------
[2026-08-24T07:03:27.789Z] GET /api/bookings
Payload: undefined
Error: User not found.
Details: "ApiError: User not found.\n    at unauthorized (/Users/nil09/Desktop/Lambda5/Event-Scheduler/src/utils/api-error.ts:18:69)\n    at authenticate (/Users/nil09/Desktop/Lambda5/Event-Scheduler/src/middlewares/auth.ts:30:11)\n    at process.processTicksAndRejections (node:internal/process/task_queues:105:5)"
-------------------
[2026-08-24T07:03:30.236Z] GET /api/availability/rules
Payload: undefined
Error: Authentication required. Please provide x-user-id header.
Details: "ApiError: Authentication required. Please provide x-user-id header.\n    at unauthorized (/Users/nil09/Desktop/Lambda5/Event-Scheduler/src/utils/api-error.ts:18:69)\n    at authenticate (/Users/nil09/Desktop/Lambda5/Event-Scheduler/src/middlewares/auth.ts:19:11)\n    at Layer.handleRequest (/Users/nil09/Desktop/Lambda5/Event-Scheduler/node_modules/router/lib/layer.js:152:17)\n    at trimPrefix (/Users/nil09/Desktop/Lambda5/Event-Scheduler/node_modules/router/index.js:342:13)\n    at /Users/nil09/Desktop/Lambda5/Event-Scheduler/node_modules/router/index.js:297:9\n    at processParams (/Users/nil09/Desktop/Lambda5/Event-Scheduler/node_modules/router/index.js:582:12)\n    at next (/Users/nil09/Desktop/Lambda5/Event-Scheduler/node_modules/router/index.js:291:5)\n    at router.handle (/Users/nil09/Desktop/Lambda5/Event-Scheduler/node_modules/router/index.js:186:3)\n    at router (/Users/nil09/Desktop/Lambda5/Event-Scheduler/node_modules/router/index.js:60:12)\n    at Layer.handleRequest (/Users/nil09/Desktop/Lambda5/Event-Scheduler/node_modules/router/lib/layer.js:152:17)"
-------------------
[2026-08-24T07:03:32.817Z] GET /api/bookings
Payload: undefined
Error: User not found.
Details: "ApiError: User not found.\n    at unauthorized (/Users/nil09/Desktop/Lambda5/Event-Scheduler/src/utils/api-error.ts:18:69)\n    at authenticate (/Users/nil09/Desktop/Lambda5/Event-Scheduler/src/middlewares/auth.ts:30:11)\n    at process.processTicksAndRejections (node:internal/process/task_queues:105:5)"
-------------------
[2026-08-24T07:03:32.820Z] GET /api/availability/rules
Payload: undefined
Error: User not found.
Details: "ApiError: User not found.\n    at unauthorized (/Users/nil09/Desktop/Lambda5/Event-Scheduler/src/utils/api-error.ts:18:69)\n    at authenticate (/Users/nil09/Desktop/Lambda5/Event-Scheduler/src/middlewares/auth.ts:30:11)\n    at process.processTicksAndRejections (node:internal/process/task_queues:105:5)"
-------------------
[2026-08-24T07:03:32.831Z] GET /api/bookings
Payload: undefined
Error: User not found.
Details: "ApiError: User not found.\n    at unauthorized (/Users/nil09/Desktop/Lambda5/Event-Scheduler/src/utils/api-error.ts:18:69)\n    at authenticate (/Users/nil09/Desktop/Lambda5/Event-Scheduler/src/middlewares/auth.ts:30:11)\n    at process.processTicksAndRejections (node:internal/process/task_queues:105:5)"
-------------------
[2026-08-24T07:03:32.838Z] GET /api/availability/rules
Payload: undefined
Error: User not found.
Details: "ApiError: User not found.\n    at unauthorized (/Users/nil09/Desktop/Lambda5/Event-Scheduler/src/utils/api-error.ts:18:69)\n    at authenticate (/Users/nil09/Desktop/Lambda5/Event-Scheduler/src/middlewares/auth.ts:30:11)\n    at process.processTicksAndRejections (node:internal/process/task_queues:105:5)"
-------------------
[2026-08-24T07:03:32.865Z] GET /api/availability/rules
Payload: undefined
Error: User not found.
Details: "ApiError: User not found.\n    at unauthorized (/Users/nil09/Desktop/Lambda5/Event-Scheduler/src/utils/api-error.ts:18:69)\n    at authenticate (/Users/nil09/Desktop/Lambda5/Event-Scheduler/src/middlewares/auth.ts:30:11)\n    at process.processTicksAndRejections (node:internal/process/task_queues:105:5)"
-------------------
[2026-08-24T07:03:32.868Z] GET /api/bookings
Payload: undefined
Error: User not found.
Details: "ApiError: User not found.\n    at unauthorized (/Users/nil09/Desktop/Lambda5/Event-Scheduler/src/utils/api-error.ts:18:69)\n    at authenticate (/Users/nil09/Desktop/Lambda5/Event-Scheduler/src/middlewares/auth.ts:30:11)\n    at process.processTicksAndRejections (node:internal/process/task_queues:105:5)"
-------------------
[2026-08-24T07:03:40.525Z] GET /api/bookings
Payload: undefined
Error: User not found.
Details: "ApiError: User not found.\n    at unauthorized (/Users/nil09/Desktop/Lambda5/Event-Scheduler/src/utils/api-error.ts:18:69)\n    at authenticate (/Users/nil09/Desktop/Lambda5/Event-Scheduler/src/middlewares/auth.ts:30:11)\n    at process.processTicksAndRejections (node:internal/process/task_queues:105:5)"
-------------------
[2026-08-24T07:03:40.542Z] GET /api/availability/rules
Payload: undefined
Error: User not found.
Details: "ApiError: User not found.\n    at unauthorized (/Users/nil09/Desktop/Lambda5/Event-Scheduler/src/utils/api-error.ts:18:69)\n    at authenticate (/Users/nil09/Desktop/Lambda5/Event-Scheduler/src/middlewares/auth.ts:30:11)\n    at process.processTicksAndRejections (node:internal/process/task_queues:105:5)"
-------------------
[2026-08-24T07:03:40.584Z] GET /api/bookings
Payload: undefined
Error: User not found.
Details: "ApiError: User not found.\n    at unauthorized (/Users/nil09/Desktop/Lambda5/Event-Scheduler/src/utils/api-error.ts:18:69)\n    at authenticate (/Users/nil09/Desktop/Lambda5/Event-Scheduler/src/middlewares/auth.ts:30:11)\n    at process.processTicksAndRejections (node:internal/process/task_queues:105:5)"
-------------------
[2026-08-24T07:03:40.590Z] GET /api/availability/rules
Payload: undefined
Error: User not found.
Details: "ApiError: User not found.\n    at unauthorized (/Users/nil09/Desktop/Lambda5/Event-Scheduler/src/utils/api-error.ts:18:69)\n    at authenticate (/Users/nil09/Desktop/Lambda5/Event-Scheduler/src/middlewares/auth.ts:30:11)\n    at process.processTicksAndRejections (node:internal/process/task_queues:105:5)"
-------------------
[2026-08-24T07:03:40.604Z] GET /api/bookings
Payload: undefined
Error: User not found.
Details: "ApiError: User not found.\n    at unauthorized (/Users/nil09/Desktop/Lambda5/Event-Scheduler/src/utils/api-error.ts:18:69)\n    at authenticate (/Users/nil09/Desktop/Lambda5/Event-Scheduler/src/middlewares/auth.ts:30:11)\n    at process.processTicksAndRejections (node:internal/process/task_queues:105:5)"
-------------------
[2026-08-24T07:03:40.606Z] GET /api/availability/rules
Payload: undefined
Error: User not found.
Details: "ApiError: User not found.\n    at unauthorized (/Users/nil09/Desktop/Lambda5/Event-Scheduler/src/utils/api-error.ts:18:69)\n    at authenticate (/Users/nil09/Desktop/Lambda5/Event-Scheduler/src/middlewares/auth.ts:30:11)\n    at process.processTicksAndRejections (node:internal/process/task_queues:105:5)"
-------------------
[2026-08-24T07:03:46.432Z] GET /api/availability/rules
Payload: undefined
Error: User not found.
Details: "ApiError: User not found.\n    at unauthorized (/Users/nil09/Desktop/Lambda5/Event-Scheduler/src/utils/api-error.ts:18:69)\n    at authenticate (/Users/nil09/Desktop/Lambda5/Event-Scheduler/src/middlewares/auth.ts:30:11)\n    at process.processTicksAndRejections (node:internal/process/task_queues:105:5)"
-------------------
[2026-08-24T07:03:46.435Z] GET /api/bookings
Payload: undefined
Error: User not found.
Details: "ApiError: User not found.\n    at unauthorized (/Users/nil09/Desktop/Lambda5/Event-Scheduler/src/utils/api-error.ts:18:69)\n    at authenticate (/Users/nil09/Desktop/Lambda5/Event-Scheduler/src/middlewares/auth.ts:30:11)\n    at process.processTicksAndRejections (node:internal/process/task_queues:105:5)"
-------------------
[2026-08-24T07:03:46.445Z] GET /api/availability/rules
Payload: undefined
Error: User not found.
Details: "ApiError: User not found.\n    at unauthorized (/Users/nil09/Desktop/Lambda5/Event-Scheduler/src/utils/api-error.ts:18:69)\n    at authenticate (/Users/nil09/Desktop/Lambda5/Event-Scheduler/src/middlewares/auth.ts:30:11)\n    at process.processTicksAndRejections (node:internal/process/task_queues:105:5)"
-------------------
[2026-08-24T07:03:46.448Z] GET /api/bookings
Payload: undefined
Error: User not found.
Details: "ApiError: User not found.\n    at unauthorized (/Users/nil09/Desktop/Lambda5/Event-Scheduler/src/utils/api-error.ts:18:69)\n    at authenticate (/Users/nil09/Desktop/Lambda5/Event-Scheduler/src/middlewares/auth.ts:30:11)\n    at process.processTicksAndRejections (node:internal/process/task_queues:105:5)"
-------------------
[2026-08-24T07:03:46.457Z] GET /api/availability/rules
Payload: undefined
Error: User not found.
Details: "ApiError: User not found.\n    at unauthorized (/Users/nil09/Desktop/Lambda5/Event-Scheduler/src/utils/api-error.ts:18:69)\n    at authenticate (/Users/nil09/Desktop/Lambda5/Event-Scheduler/src/middlewares/auth.ts:30:11)\n    at process.processTicksAndRejections (node:internal/process/task_queues:105:5)"
-------------------
[2026-08-24T07:03:46.464Z] GET /api/bookings
Payload: undefined
Error: User not found.
Details: "ApiError: User not found.\n    at unauthorized (/Users/nil09/Desktop/Lambda5/Event-Scheduler/src/utils/api-error.ts:18:69)\n    at authenticate (/Users/nil09/Desktop/Lambda5/Event-Scheduler/src/middlewares/auth.ts:30:11)\n    at process.processTicksAndRejections (node:internal/process/task_queues:105:5)"
-------------------
[2026-08-24T07:03:49.652Z] GET /api/availability/rules
Payload: undefined
Error: User not found.
Details: "ApiError: User not found.\n    at unauthorized (/Users/nil09/Desktop/Lambda5/Event-Scheduler/src/utils/api-error.ts:18:69)\n    at authenticate (/Users/nil09/Desktop/Lambda5/Event-Scheduler/src/middlewares/auth.ts:30:11)\n    at process.processTicksAndRejections (node:internal/process/task_queues:105:5)"
-------------------
[2026-08-24T07:03:49.654Z] GET /api/bookings
Payload: undefined
Error: User not found.
Details: "ApiError: User not found.\n    at unauthorized (/Users/nil09/Desktop/Lambda5/Event-Scheduler/src/utils/api-error.ts:18:69)\n    at authenticate (/Users/nil09/Desktop/Lambda5/Event-Scheduler/src/middlewares/auth.ts:30:11)\n    at process.processTicksAndRejections (node:internal/process/task_queues:105:5)"
-------------------
[2026-08-24T07:03:49.658Z] GET /api/availability/rules
Payload: undefined
Error: User not found.
Details: "ApiError: User not found.\n    at unauthorized (/Users/nil09/Desktop/Lambda5/Event-Scheduler/src/utils/api-error.ts:18:69)\n    at authenticate (/Users/nil09/Desktop/Lambda5/Event-Scheduler/src/middlewares/auth.ts:30:11)\n    at process.processTicksAndRejections (node:internal/process/task_queues:105:5)"
-------------------
[2026-08-24T07:03:49.660Z] GET /api/bookings
Payload: undefined
Error: User not found.
Details: "ApiError: User not found.\n    at unauthorized (/Users/nil09/Desktop/Lambda5/Event-Scheduler/src/utils/api-error.ts:18:69)\n    at authenticate (/Users/nil09/Desktop/Lambda5/Event-Scheduler/src/middlewares/auth.ts:30:11)\n    at process.processTicksAndRejections (node:internal/process/task_queues:105:5)"
-------------------
[2026-08-24T07:03:49.663Z] GET /api/availability/rules
Payload: undefined
Error: User not found.
Details: "ApiError: User not found.\n    at unauthorized (/Users/nil09/Desktop/Lambda5/Event-Scheduler/src/utils/api-error.ts:18:69)\n    at authenticate (/Users/nil09/Desktop/Lambda5/Event-Scheduler/src/middlewares/auth.ts:30:11)\n    at process.processTicksAndRejections (node:internal/process/task_queues:105:5)"
-------------------
[2026-08-24T07:03:49.700Z] GET /api/bookings
Payload: undefined
Error: User not found.
Details: "ApiError: User not found.\n    at unauthorized (/Users/nil09/Desktop/Lambda5/Event-Scheduler/src/utils/api-error.ts:18:69)\n    at authenticate (/Users/nil09/Desktop/Lambda5/Event-Scheduler/src/middlewares/auth.ts:30:11)\n    at process.processTicksAndRejections (node:internal/process/task_queues:105:5)"
-------------------
[2026-08-24T07:09:37.292Z] GET /api/availability/rules
Payload: undefined
Error: Authentication required. Please provide x-user-id header.
Details: "ApiError: Authentication required. Please provide x-user-id header.\n    at unauthorized (/Users/nil09/Desktop/Lambda5/Event-Scheduler/src/utils/api-error.ts:18:69)\n    at authenticate (/Users/nil09/Desktop/Lambda5/Event-Scheduler/src/middlewares/auth.ts:19:11)\n    at Layer.handleRequest (/Users/nil09/Desktop/Lambda5/Event-Scheduler/node_modules/router/lib/layer.js:152:17)\n    at trimPrefix (/Users/nil09/Desktop/Lambda5/Event-Scheduler/node_modules/router/index.js:342:13)\n    at /Users/nil09/Desktop/Lambda5/Event-Scheduler/node_modules/router/index.js:297:9\n    at processParams (/Users/nil09/Desktop/Lambda5/Event-Scheduler/node_modules/router/index.js:582:12)\n    at next (/Users/nil09/Desktop/Lambda5/Event-Scheduler/node_modules/router/index.js:291:5)\n    at router.handle (/Users/nil09/Desktop/Lambda5/Event-Scheduler/node_modules/router/index.js:186:3)\n    at router (/Users/nil09/Desktop/Lambda5/Event-Scheduler/node_modules/router/index.js:60:12)\n    at Layer.handleRequest (/Users/nil09/Desktop/Lambda5/Event-Scheduler/node_modules/router/lib/layer.js:152:17)"
-------------------
[2026-08-24T07:09:46.337Z] GET /api/bookings
Payload: undefined
Error: User not found.
Details: "ApiError: User not found.\n    at unauthorized (/Users/nil09/Desktop/Lambda5/Event-Scheduler/src/utils/api-error.ts:18:69)\n    at authenticate (/Users/nil09/Desktop/Lambda5/Event-Scheduler/src/middlewares/auth.ts:30:11)\n    at process.processTicksAndRejections (node:internal/process/task_queues:105:5)"
-------------------
[2026-08-24T07:09:46.349Z] GET /api/availability/rules
Payload: undefined
Error: User not found.
Details: "ApiError: User not found.\n    at unauthorized (/Users/nil09/Desktop/Lambda5/Event-Scheduler/src/utils/api-error.ts:18:69)\n    at authenticate (/Users/nil09/Desktop/Lambda5/Event-Scheduler/src/middlewares/auth.ts:30:11)\n    at process.processTicksAndRejections (node:internal/process/task_queues:105:5)"
-------------------
[2026-08-24T07:09:46.378Z] GET /api/bookings
Payload: undefined
Error: User not found.
Details: "ApiError: User not found.\n    at unauthorized (/Users/nil09/Desktop/Lambda5/Event-Scheduler/src/utils/api-error.ts:18:69)\n    at authenticate (/Users/nil09/Desktop/Lambda5/Event-Scheduler/src/middlewares/auth.ts:30:11)\n    at process.processTicksAndRejections (node:internal/process/task_queues:105:5)"
-------------------
[2026-08-24T07:09:46.379Z] GET /api/availability/rules
Payload: undefined
Error: User not found.
Details: "ApiError: User not found.\n    at unauthorized (/Users/nil09/Desktop/Lambda5/Event-Scheduler/src/utils/api-error.ts:18:69)\n    at authenticate (/Users/nil09/Desktop/Lambda5/Event-Scheduler/src/middlewares/auth.ts:30:11)\n    at process.processTicksAndRejections (node:internal/process/task_queues:105:5)"
-------------------
[2026-08-24T07:09:46.394Z] GET /api/bookings
Payload: undefined
Error: User not found.
Details: "ApiError: User not found.\n    at unauthorized (/Users/nil09/Desktop/Lambda5/Event-Scheduler/src/utils/api-error.ts:18:69)\n    at authenticate (/Users/nil09/Desktop/Lambda5/Event-Scheduler/src/middlewares/auth.ts:30:11)\n    at process.processTicksAndRejections (node:internal/process/task_queues:105:5)"
-------------------
[2026-08-24T07:09:46.396Z] GET /api/availability/rules
Payload: undefined
Error: User not found.
Details: "ApiError: User not found.\n    at unauthorized (/Users/nil09/Desktop/Lambda5/Event-Scheduler/src/utils/api-error.ts:18:69)\n    at authenticate (/Users/nil09/Desktop/Lambda5/Event-Scheduler/src/middlewares/auth.ts:30:11)\n    at process.processTicksAndRejections (node:internal/process/task_queues:105:5)"
-------------------
[2026-08-24T07:10:08.748Z] DELETE /api/availability/rules/2
Payload: undefined
Error: Availability rule not found
Details: "ApiError: Availability rule not found\n    at notFound (/Users/nil09/Desktop/Lambda5/Event-Scheduler/src/utils/api-error.ts:16:65)\n    at deleteAvailabilityRuleService (/Users/nil09/Desktop/Lambda5/Event-Scheduler/src/services/availability.service.ts:71:15)\n    at process.processTicksAndRejections (node:internal/process/task_queues:105:5)\n    at async deleteAvailabilityRule (/Users/nil09/Desktop/Lambda5/Event-Scheduler/src/controllers/availability.controller.ts:50:22)"
-------------------
[2026-08-24T07:10:08.958Z] DELETE /api/availability/rules/2
Payload: undefined
Error: Availability rule not found
Details: "ApiError: Availability rule not found\n    at notFound (/Users/nil09/Desktop/Lambda5/Event-Scheduler/src/utils/api-error.ts:16:65)\n    at deleteAvailabilityRuleService (/Users/nil09/Desktop/Lambda5/Event-Scheduler/src/services/availability.service.ts:71:15)\n    at process.processTicksAndRejections (node:internal/process/task_queues:105:5)\n    at async deleteAvailabilityRule (/Users/nil09/Desktop/Lambda5/Event-Scheduler/src/controllers/availability.controller.ts:50:22)"
-------------------
[2026-08-24T07:10:09.126Z] DELETE /api/availability/rules/2
Payload: undefined
Error: Availability rule not found
Details: "ApiError: Availability rule not found\n    at notFound (/Users/nil09/Desktop/Lambda5/Event-Scheduler/src/utils/api-error.ts:16:65)\n    at deleteAvailabilityRuleService (/Users/nil09/Desktop/Lambda5/Event-Scheduler/src/services/availability.service.ts:71:15)\n    at process.processTicksAndRejections (node:internal/process/task_queues:105:5)\n    at async deleteAvailabilityRule (/Users/nil09/Desktop/Lambda5/Event-Scheduler/src/controllers/availability.controller.ts:50:22)"
-------------------
[2026-08-24T07:10:10.708Z] DELETE /api/availability/rules/3
Payload: undefined
Error: Availability rule not found
Details: "ApiError: Availability rule not found\n    at notFound (/Users/nil09/Desktop/Lambda5/Event-Scheduler/src/utils/api-error.ts:16:65)\n    at deleteAvailabilityRuleService (/Users/nil09/Desktop/Lambda5/Event-Scheduler/src/services/availability.service.ts:71:15)\n    at process.processTicksAndRejections (node:internal/process/task_queues:105:5)\n    at async deleteAvailabilityRule (/Users/nil09/Desktop/Lambda5/Event-Scheduler/src/controllers/availability.controller.ts:50:22)"
-------------------
[2026-08-24T07:10:10.880Z] DELETE /api/availability/rules/3
Payload: undefined
Error: Availability rule not found
Details: "ApiError: Availability rule not found\n    at notFound (/Users/nil09/Desktop/Lambda5/Event-Scheduler/src/utils/api-error.ts:16:65)\n    at deleteAvailabilityRuleService (/Users/nil09/Desktop/Lambda5/Event-Scheduler/src/services/availability.service.ts:71:15)\n    at process.processTicksAndRejections (node:internal/process/task_queues:105:5)\n    at async deleteAvailabilityRule (/Users/nil09/Desktop/Lambda5/Event-Scheduler/src/controllers/availability.controller.ts:50:22)"
-------------------
[2026-08-24T07:10:11.030Z] DELETE /api/availability/rules/3
Payload: undefined
Error: Availability rule not found
Details: "ApiError: Availability rule not found\n    at notFound (/Users/nil09/Desktop/Lambda5/Event-Scheduler/src/utils/api-error.ts:16:65)\n    at deleteAvailabilityRuleService (/Users/nil09/Desktop/Lambda5/Event-Scheduler/src/services/availability.service.ts:71:15)\n    at process.processTicksAndRejections (node:internal/process/task_queues:105:5)\n    at async deleteAvailabilityRule (/Users/nil09/Desktop/Lambda5/Event-Scheduler/src/controllers/availability.controller.ts:50:22)"
-------------------
[2026-08-24T07:10:11.310Z] DELETE /api/availability/rules/3
Payload: undefined
Error: Availability rule not found
Details: "ApiError: Availability rule not found\n    at notFound (/Users/nil09/Desktop/Lambda5/Event-Scheduler/src/utils/api-error.ts:16:65)\n    at deleteAvailabilityRuleService (/Users/nil09/Desktop/Lambda5/Event-Scheduler/src/services/availability.service.ts:71:15)\n    at process.processTicksAndRejections (node:internal/process/task_queues:105:5)\n    at async deleteAvailabilityRule (/Users/nil09/Desktop/Lambda5/Event-Scheduler/src/controllers/availability.controller.ts:50:22)"
-------------------
[2026-08-24T07:10:11.461Z] DELETE /api/availability/rules/3
Payload: undefined
Error: Availability rule not found
Details: "ApiError: Availability rule not found\n    at notFound (/Users/nil09/Desktop/Lambda5/Event-Scheduler/src/utils/api-error.ts:16:65)\n    at deleteAvailabilityRuleService (/Users/nil09/Desktop/Lambda5/Event-Scheduler/src/services/availability.service.ts:71:15)\n    at process.processTicksAndRejections (node:internal/process/task_queues:105:5)\n    at async deleteAvailabilityRule (/Users/nil09/Desktop/Lambda5/Event-Scheduler/src/controllers/availability.controller.ts:50:22)"
-------------------
[2026-08-24T07:10:11.626Z] DELETE /api/availability/rules/3
Payload: undefined
Error: Availability rule not found
Details: "ApiError: Availability rule not found\n    at notFound (/Users/nil09/Desktop/Lambda5/Event-Scheduler/src/utils/api-error.ts:16:65)\n    at deleteAvailabilityRuleService (/Users/nil09/Desktop/Lambda5/Event-Scheduler/src/services/availability.service.ts:71:15)\n    at process.processTicksAndRejections (node:internal/process/task_queues:105:5)\n    at async deleteAvailabilityRule (/Users/nil09/Desktop/Lambda5/Event-Scheduler/src/controllers/availability.controller.ts:50:22)"
-------------------
[2026-08-24T07:10:11.792Z] DELETE /api/availability/rules/3
Payload: undefined
Error: Availability rule not found
Details: "ApiError: Availability rule not found\n    at notFound (/Users/nil09/Desktop/Lambda5/Event-Scheduler/src/utils/api-error.ts:16:65)\n    at deleteAvailabilityRuleService (/Users/nil09/Desktop/Lambda5/Event-Scheduler/src/services/availability.service.ts:71:15)\n    at process.processTicksAndRejections (node:internal/process/task_queues:105:5)\n    at async deleteAvailabilityRule (/Users/nil09/Desktop/Lambda5/Event-Scheduler/src/controllers/availability.controller.ts:50:22)"
-------------------
[2026-08-24T07:10:11.946Z] DELETE /api/availability/rules/3
Payload: undefined
Error: Availability rule not found
Details: "ApiError: Availability rule not found\n    at notFound (/Users/nil09/Desktop/Lambda5/Event-Scheduler/src/utils/api-error.ts:16:65)\n    at deleteAvailabilityRuleService (/Users/nil09/Desktop/Lambda5/Event-Scheduler/src/services/availability.service.ts:71:15)\n    at process.processTicksAndRejections (node:internal/process/task_queues:105:5)\n    at async deleteAvailabilityRule (/Users/nil09/Desktop/Lambda5/Event-Scheduler/src/controllers/availability.controller.ts:50:22)"
-------------------
[2026-08-24T07:10:12.283Z] DELETE /api/availability/rules/3
Payload: undefined
Error: Availability rule not found
Details: "ApiError: Availability rule not found\n    at notFound (/Users/nil09/Desktop/Lambda5/Event-Scheduler/src/utils/api-error.ts:16:65)\n    at deleteAvailabilityRuleService (/Users/nil09/Desktop/Lambda5/Event-Scheduler/src/services/availability.service.ts:71:15)\n    at process.processTicksAndRejections (node:internal/process/task_queues:105:5)\n    at async deleteAvailabilityRule (/Users/nil09/Desktop/Lambda5/Event-Scheduler/src/controllers/availability.controller.ts:50:22)"
-------------------
[2026-08-24T07:10:12.430Z] DELETE /api/availability/rules/3
Payload: undefined
Error: Availability rule not found
Details: "ApiError: Availability rule not found\n    at notFound (/Users/nil09/Desktop/Lambda5/Event-Scheduler/src/utils/api-error.ts:16:65)\n    at deleteAvailabilityRuleService (/Users/nil09/Desktop/Lambda5/Event-Scheduler/src/services/availability.service.ts:71:15)\n    at process.processTicksAndRejections (node:internal/process/task_queues:105:5)\n    at async deleteAvailabilityRule (/Users/nil09/Desktop/Lambda5/Event-Scheduler/src/controllers/availability.controller.ts:50:22)"
-------------------
[2026-08-24T07:10:12.594Z] DELETE /api/availability/rules/3
Payload: undefined
Error: Availability rule not found
Details: "ApiError: Availability rule not found\n    at notFound (/Users/nil09/Desktop/Lambda5/Event-Scheduler/src/utils/api-error.ts:16:65)\n    at deleteAvailabilityRuleService (/Users/nil09/Desktop/Lambda5/Event-Scheduler/src/services/availability.service.ts:71:15)\n    at process.processTicksAndRejections (node:internal/process/task_queues:105:5)\n    at async deleteAvailabilityRule (/Users/nil09/Desktop/Lambda5/Event-Scheduler/src/controllers/availability.controller.ts:50:22)"
-------------------
[2026-08-24T07:10:12.748Z] DELETE /api/availability/rules/3
Payload: undefined
Error: Availability rule not found
Details: "ApiError: Availability rule not found\n    at notFound (/Users/nil09/Desktop/Lambda5/Event-Scheduler/src/utils/api-error.ts:16:65)\n    at deleteAvailabilityRuleService (/Users/nil09/Desktop/Lambda5/Event-Scheduler/src/services/availability.service.ts:71:15)\n    at process.processTicksAndRejections (node:internal/process/task_queues:105:5)\n    at async deleteAvailabilityRule (/Users/nil09/Desktop/Lambda5/Event-Scheduler/src/controllers/availability.controller.ts:50:22)"
-------------------
[2026-08-24T07:10:12.901Z] DELETE /api/availability/rules/3
Payload: undefined
Error: Availability rule not found
Details: "ApiError: Availability rule not found\n    at notFound (/Users/nil09/Desktop/Lambda5/Event-Scheduler/src/utils/api-error.ts:16:65)\n    at deleteAvailabilityRuleService (/Users/nil09/Desktop/Lambda5/Event-Scheduler/src/services/availability.service.ts:71:15)\n    at process.processTicksAndRejections (node:internal/process/task_queues:105:5)\n    at async deleteAvailabilityRule (/Users/nil09/Desktop/Lambda5/Event-Scheduler/src/controllers/availability.controller.ts:50:22)"
-------------------
[2026-08-24T07:10:13.040Z] DELETE /api/availability/rules/3
Payload: undefined
Error: Availability rule not found
Details: "ApiError: Availability rule not found\n    at notFound (/Users/nil09/Desktop/Lambda5/Event-Scheduler/src/utils/api-error.ts:16:65)\n    at deleteAvailabilityRuleService (/Users/nil09/Desktop/Lambda5/Event-Scheduler/src/services/availability.service.ts:71:15)\n    at process.processTicksAndRejections (node:internal/process/task_queues:105:5)\n    at async deleteAvailabilityRule (/Users/nil09/Desktop/Lambda5/Event-Scheduler/src/controllers/availability.controller.ts:50:22)"
-------------------
[2026-08-24T07:10:16.382Z] GET /api/bookings
Payload: undefined
Error: User not found.
Details: "ApiError: User not found.\n    at unauthorized (/Users/nil09/Desktop/Lambda5/Event-Scheduler/src/utils/api-error.ts:18:69)\n    at authenticate (/Users/nil09/Desktop/Lambda5/Event-Scheduler/src/middlewares/auth.ts:30:11)\n    at process.processTicksAndRejections (node:internal/process/task_queues:105:5)"
-------------------
[2026-08-24T07:10:16.386Z] GET /api/bookings
Payload: undefined
Error: User not found.
Details: "ApiError: User not found.\n    at unauthorized (/Users/nil09/Desktop/Lambda5/Event-Scheduler/src/utils/api-error.ts:18:69)\n    at authenticate (/Users/nil09/Desktop/Lambda5/Event-Scheduler/src/middlewares/auth.ts:30:11)\n    at process.processTicksAndRejections (node:internal/process/task_queues:105:5)"
-------------------
[2026-08-24T07:10:16.395Z] GET /api/availability/rules
Payload: undefined
Error: User not found.
Details: "ApiError: User not found.\n    at unauthorized (/Users/nil09/Desktop/Lambda5/Event-Scheduler/src/utils/api-error.ts:18:69)\n    at authenticate (/Users/nil09/Desktop/Lambda5/Event-Scheduler/src/middlewares/auth.ts:30:11)\n    at process.processTicksAndRejections (node:internal/process/task_queues:105:5)"
-------------------
[2026-08-24T07:10:16.402Z] GET /api/availability/rules
Payload: undefined
Error: User not found.
Details: "ApiError: User not found.\n    at unauthorized (/Users/nil09/Desktop/Lambda5/Event-Scheduler/src/utils/api-error.ts:18:69)\n    at authenticate (/Users/nil09/Desktop/Lambda5/Event-Scheduler/src/middlewares/auth.ts:30:11)\n    at process.processTicksAndRejections (node:internal/process/task_queues:105:5)"
-------------------
[2026-08-24T07:10:17.003Z] GET /api/bookings
Payload: undefined
Error: User not found.
Details: "ApiError: User not found.\n    at unauthorized (/Users/nil09/Desktop/Lambda5/Event-Scheduler/src/utils/api-error.ts:18:69)\n    at authenticate (/Users/nil09/Desktop/Lambda5/Event-Scheduler/src/middlewares/auth.ts:30:11)\n    at process.processTicksAndRejections (node:internal/process/task_queues:105:5)"
-------------------
[2026-08-24T07:10:17.018Z] GET /api/availability/rules
Payload: undefined
Error: User not found.
Details: "ApiError: User not found.\n    at unauthorized (/Users/nil09/Desktop/Lambda5/Event-Scheduler/src/utils/api-error.ts:18:69)\n    at authenticate (/Users/nil09/Desktop/Lambda5/Event-Scheduler/src/middlewares/auth.ts:30:11)\n    at process.processTicksAndRejections (node:internal/process/task_queues:105:5)"
-------------------
[2026-08-24T07:10:17.020Z] GET /api/bookings
Payload: undefined
Error: User not found.
Details: "ApiError: User not found.\n    at unauthorized (/Users/nil09/Desktop/Lambda5/Event-Scheduler/src/utils/api-error.ts:18:69)\n    at authenticate (/Users/nil09/Desktop/Lambda5/Event-Scheduler/src/middlewares/auth.ts:30:11)\n    at process.processTicksAndRejections (node:internal/process/task_queues:105:5)"
-------------------
[2026-08-24T07:10:17.032Z] GET /api/availability/rules
Payload: undefined
Error: User not found.
Details: "ApiError: User not found.\n    at unauthorized (/Users/nil09/Desktop/Lambda5/Event-Scheduler/src/utils/api-error.ts:18:69)\n    at authenticate (/Users/nil09/Desktop/Lambda5/Event-Scheduler/src/middlewares/auth.ts:30:11)\n    at process.processTicksAndRejections (node:internal/process/task_queues:105:5)"
-------------------
[2026-08-24T07:10:56.970Z] GET /api/bookings
Payload: undefined
Error: User not found.
Details: "ApiError: User not found.\n    at unauthorized (/Users/nil09/Desktop/Lambda5/Event-Scheduler/src/utils/api-error.ts:18:69)\n    at authenticate (/Users/nil09/Desktop/Lambda5/Event-Scheduler/src/middlewares/auth.ts:30:11)\n    at process.processTicksAndRejections (node:internal/process/task_queues:105:5)"
-------------------
[2026-08-24T07:10:56.999Z] GET /api/availability/rules
Payload: undefined
Error: User not found.
Details: "ApiError: User not found.\n    at unauthorized (/Users/nil09/Desktop/Lambda5/Event-Scheduler/src/utils/api-error.ts:18:69)\n    at authenticate (/Users/nil09/Desktop/Lambda5/Event-Scheduler/src/middlewares/auth.ts:30:11)\n    at process.processTicksAndRejections (node:internal/process/task_queues:105:5)"
-------------------
[2026-08-24T07:10:57.007Z] GET /api/bookings
Payload: undefined
Error: User not found.
Details: "ApiError: User not found.\n    at unauthorized (/Users/nil09/Desktop/Lambda5/Event-Scheduler/src/utils/api-error.ts:18:69)\n    at authenticate (/Users/nil09/Desktop/Lambda5/Event-Scheduler/src/middlewares/auth.ts:30:11)\n    at process.processTicksAndRejections (node:internal/process/task_queues:105:5)"
-------------------
[2026-08-24T07:10:57.023Z] GET /api/availability/rules
Payload: undefined
Error: User not found.
Details: "ApiError: User not found.\n    at unauthorized (/Users/nil09/Desktop/Lambda5/Event-Scheduler/src/utils/api-error.ts:18:69)\n    at authenticate (/Users/nil09/Desktop/Lambda5/Event-Scheduler/src/middlewares/auth.ts:30:11)\n    at process.processTicksAndRejections (node:internal/process/task_queues:105:5)"
-------------------
[2026-08-24T07:11:03.652Z] GET /api/bookings
Payload: undefined
Error: User not found.
Details: "ApiError: User not found.\n    at unauthorized (/Users/nil09/Desktop/Lambda5/Event-Scheduler/src/utils/api-error.ts:18:69)\n    at authenticate (/Users/nil09/Desktop/Lambda5/Event-Scheduler/src/middlewares/auth.ts:30:11)\n    at process.processTicksAndRejections (node:internal/process/task_queues:105:5)"
-------------------
[2026-08-24T07:11:03.657Z] GET /api/availability/rules
Payload: undefined
Error: User not found.
Details: "ApiError: User not found.\n    at unauthorized (/Users/nil09/Desktop/Lambda5/Event-Scheduler/src/utils/api-error.ts:18:69)\n    at authenticate (/Users/nil09/Desktop/Lambda5/Event-Scheduler/src/middlewares/auth.ts:30:11)\n    at process.processTicksAndRejections (node:internal/process/task_queues:105:5)"
-------------------
[2026-08-24T07:11:03.673Z] GET /api/availability/rules
Payload: undefined
Error: User not found.
Details: "ApiError: User not found.\n    at unauthorized (/Users/nil09/Desktop/Lambda5/Event-Scheduler/src/utils/api-error.ts:18:69)\n    at authenticate (/Users/nil09/Desktop/Lambda5/Event-Scheduler/src/middlewares/auth.ts:30:11)\n    at process.processTicksAndRejections (node:internal/process/task_queues:105:5)"
-------------------
[2026-08-24T07:11:03.674Z] GET /api/bookings
Payload: undefined
Error: User not found.
Details: "ApiError: User not found.\n    at unauthorized (/Users/nil09/Desktop/Lambda5/Event-Scheduler/src/utils/api-error.ts:18:69)\n    at authenticate (/Users/nil09/Desktop/Lambda5/Event-Scheduler/src/middlewares/auth.ts:30:11)\n    at process.processTicksAndRejections (node:internal/process/task_queues:105:5)"
-------------------
[2026-08-24T08:14:41.410Z] GET /api/availability/rules
Payload: undefined
Error: User not found.
Details: "ApiError: User not found.\n    at unauthorized (/Users/nil09/Desktop/Lambda5/Event-Scheduler/src/utils/api-error.ts:18:69)\n    at authenticate (/Users/nil09/Desktop/Lambda5/Event-Scheduler/src/middlewares/auth.ts:30:11)\n    at process.processTicksAndRejections (node:internal/process/task_queues:105:5)"
-------------------
[2026-08-24T08:14:41.417Z] GET /api/bookings
Payload: undefined
Error: User not found.
Details: "ApiError: User not found.\n    at unauthorized (/Users/nil09/Desktop/Lambda5/Event-Scheduler/src/utils/api-error.ts:18:69)\n    at authenticate (/Users/nil09/Desktop/Lambda5/Event-Scheduler/src/middlewares/auth.ts:30:11)\n    at process.processTicksAndRejections (node:internal/process/task_queues:105:5)"
-------------------
[2026-08-24T08:14:41.421Z] GET /api/availability/rules
Payload: undefined
Error: User not found.
Details: "ApiError: User not found.\n    at unauthorized (/Users/nil09/Desktop/Lambda5/Event-Scheduler/src/utils/api-error.ts:18:69)\n    at authenticate (/Users/nil09/Desktop/Lambda5/Event-Scheduler/src/middlewares/auth.ts:30:11)\n    at process.processTicksAndRejections (node:internal/process/task_queues:105:5)"
-------------------
[2026-08-24T08:14:41.422Z] GET /api/bookings
Payload: undefined
Error: User not found.
Details: "ApiError: User not found.\n    at unauthorized (/Users/nil09/Desktop/Lambda5/Event-Scheduler/src/utils/api-error.ts:18:69)\n    at authenticate (/Users/nil09/Desktop/Lambda5/Event-Scheduler/src/middlewares/auth.ts:30:11)\n    at process.processTicksAndRejections (node:internal/process/task_queues:105:5)"
-------------------
[2026-08-24T08:33:32.422Z] GET /api/availability/rules
Payload: undefined
Error: User not found.
Details: "ApiError: User not found.\n    at unauthorized (/Users/nil09/Desktop/Lambda5/Event-Scheduler/src/utils/api-error.ts:18:69)\n    at authenticate (/Users/nil09/Desktop/Lambda5/Event-Scheduler/src/middlewares/auth.ts:30:11)\n    at process.processTicksAndRejections (node:internal/process/task_queues:105:5)"
-------------------
[2026-08-24T08:33:32.425Z] GET /api/bookings
Payload: undefined
Error: User not found.
Details: "ApiError: User not found.\n    at unauthorized (/Users/nil09/Desktop/Lambda5/Event-Scheduler/src/utils/api-error.ts:18:69)\n    at authenticate (/Users/nil09/Desktop/Lambda5/Event-Scheduler/src/middlewares/auth.ts:30:11)\n    at process.processTicksAndRejections (node:internal/process/task_queues:105:5)"
-------------------
[2026-08-24T08:33:32.451Z] GET /api/availability/rules
Payload: undefined
Error: User not found.
Details: "ApiError: User not found.\n    at unauthorized (/Users/nil09/Desktop/Lambda5/Event-Scheduler/src/utils/api-error.ts:18:69)\n    at authenticate (/Users/nil09/Desktop/Lambda5/Event-Scheduler/src/middlewares/auth.ts:30:11)\n    at process.processTicksAndRejections (node:internal/process/task_queues:105:5)"
-------------------
[2026-08-24T08:33:32.452Z] GET /api/bookings
Payload: undefined
Error: User not found.
Details: "ApiError: User not found.\n    at unauthorized (/Users/nil09/Desktop/Lambda5/Event-Scheduler/src/utils/api-error.ts:18:69)\n    at authenticate (/Users/nil09/Desktop/Lambda5/Event-Scheduler/src/middlewares/auth.ts:30:11)\n    at process.processTicksAndRejections (node:internal/process/task_queues:105:5)"
-------------------
[2026-08-24T08:37:46.435Z] GET /api/availability/rules
Payload: undefined
Error: User not found.
Details: "ApiError: User not found.\n    at unauthorized (/Users/nil09/Desktop/Lambda5/Event-Scheduler/src/utils/api-error.ts:18:69)\n    at authenticate (/Users/nil09/Desktop/Lambda5/Event-Scheduler/src/middlewares/auth.ts:30:11)\n    at process.processTicksAndRejections (node:internal/process/task_queues:105:5)"
-------------------
[2026-08-24T08:37:46.443Z] GET /api/bookings
Payload: undefined
Error: User not found.
Details: "ApiError: User not found.\n    at unauthorized (/Users/nil09/Desktop/Lambda5/Event-Scheduler/src/utils/api-error.ts:18:69)\n    at authenticate (/Users/nil09/Desktop/Lambda5/Event-Scheduler/src/middlewares/auth.ts:30:11)\n    at process.processTicksAndRejections (node:internal/process/task_queues:105:5)"
-------------------
[2026-08-24T08:37:46.448Z] GET /api/bookings
Payload: undefined
Error: User not found.
Details: "ApiError: User not found.\n    at unauthorized (/Users/nil09/Desktop/Lambda5/Event-Scheduler/src/utils/api-error.ts:18:69)\n    at authenticate (/Users/nil09/Desktop/Lambda5/Event-Scheduler/src/middlewares/auth.ts:30:11)\n    at process.processTicksAndRejections (node:internal/process/task_queues:105:5)"
-------------------
[2026-08-24T08:37:46.449Z] GET /api/availability/rules
Payload: undefined
Error: User not found.
Details: "ApiError: User not found.\n    at unauthorized (/Users/nil09/Desktop/Lambda5/Event-Scheduler/src/utils/api-error.ts:18:69)\n    at authenticate (/Users/nil09/Desktop/Lambda5/Event-Scheduler/src/middlewares/auth.ts:30:11)\n    at process.processTicksAndRejections (node:internal/process/task_queues:105:5)"
-------------------
[2026-08-24T08:40:51.241Z] GET /api/bookings
Payload: undefined
Error: User not found.
Details: "ApiError: User not found.\n    at unauthorized (/Users/nil09/Desktop/Lambda5/Event-Scheduler/src/utils/api-error.ts:18:69)\n    at authenticate (/Users/nil09/Desktop/Lambda5/Event-Scheduler/src/middlewares/auth.ts:30:11)\n    at process.processTicksAndRejections (node:internal/process/task_queues:105:5)"
-------------------
[2026-08-24T08:40:51.245Z] GET /api/availability/rules
Payload: undefined
Error: User not found.
Details: "ApiError: User not found.\n    at unauthorized (/Users/nil09/Desktop/Lambda5/Event-Scheduler/src/utils/api-error.ts:18:69)\n    at authenticate (/Users/nil09/Desktop/Lambda5/Event-Scheduler/src/middlewares/auth.ts:30:11)\n    at process.processTicksAndRejections (node:internal/process/task_queues:105:5)"
-------------------
[2026-08-24T08:40:51.267Z] GET /api/bookings
Payload: undefined
Error: User not found.
Details: "ApiError: User not found.\n    at unauthorized (/Users/nil09/Desktop/Lambda5/Event-Scheduler/src/utils/api-error.ts:18:69)\n    at authenticate (/Users/nil09/Desktop/Lambda5/Event-Scheduler/src/middlewares/auth.ts:30:11)\n    at process.processTicksAndRejections (node:internal/process/task_queues:105:5)"
-------------------
[2026-08-24T08:40:51.267Z] GET /api/availability/rules
Payload: undefined
Error: User not found.
Details: "ApiError: User not found.\n    at unauthorized (/Users/nil09/Desktop/Lambda5/Event-Scheduler/src/utils/api-error.ts:18:69)\n    at authenticate (/Users/nil09/Desktop/Lambda5/Event-Scheduler/src/middlewares/auth.ts:30:11)\n    at process.processTicksAndRejections (node:internal/process/task_queues:105:5)"
-------------------
[2026-08-24T09:03:47.017Z] GET /api/availability/rules
Payload: undefined
Error: User not found.
Details: "ApiError: User not found.\n    at unauthorized (/Users/nil09/Desktop/Lambda5/Event-Scheduler/src/utils/api-error.ts:18:69)\n    at authenticate (/Users/nil09/Desktop/Lambda5/Event-Scheduler/src/middlewares/auth.ts:30:11)\n    at process.processTicksAndRejections (node:internal/process/task_queues:105:5)"
-------------------
[2026-08-24T09:03:47.029Z] GET /api/bookings
Payload: undefined
Error: User not found.
Details: "ApiError: User not found.\n    at unauthorized (/Users/nil09/Desktop/Lambda5/Event-Scheduler/src/utils/api-error.ts:18:69)\n    at authenticate (/Users/nil09/Desktop/Lambda5/Event-Scheduler/src/middlewares/auth.ts:30:11)\n    at process.processTicksAndRejections (node:internal/process/task_queues:105:5)"
-------------------
[2026-08-24T09:03:47.086Z] GET /api/availability/rules
Payload: undefined
Error: User not found.
Details: "ApiError: User not found.\n    at unauthorized (/Users/nil09/Desktop/Lambda5/Event-Scheduler/src/utils/api-error.ts:18:69)\n    at authenticate (/Users/nil09/Desktop/Lambda5/Event-Scheduler/src/middlewares/auth.ts:30:11)\n    at process.processTicksAndRejections (node:internal/process/task_queues:105:5)"
-------------------
[2026-08-24T09:03:47.087Z] GET /api/bookings
Payload: undefined
Error: User not found.
Details: "ApiError: User not found.\n    at unauthorized (/Users/nil09/Desktop/Lambda5/Event-Scheduler/src/utils/api-error.ts:18:69)\n    at authenticate (/Users/nil09/Desktop/Lambda5/Event-Scheduler/src/middlewares/auth.ts:30:11)\n    at process.processTicksAndRejections (node:internal/process/task_queues:105:5)"
-------------------
[2026-08-24T09:21:49.109Z] GET /api/users
Payload: undefined
Error: 
Invalid `prisma.user.findMany()` invocation in
/Users/nil09/Desktop/Lambda5/Event-Scheduler/src/repositories/user.repository.ts:6:35

  3 
  4 // find all users
  5 export async function getAllUsers(){
→ 6    const user = await prisma.user.findMany(

Details: "PrismaClientKnownRequestError: \nInvalid `prisma.user.findMany()` invocation in\n/Users/nil09/Desktop/Lambda5/Event-Scheduler/src/repositories/user.repository.ts:6:35\n\n  3 \n  4 // find all users\n  5 export async function getAllUsers(){\n→ 6    const user = await prisma.user.findMany(\n\n    at zr.handleRequestError (/Users/nil09/Desktop/Lambda5/Event-Scheduler/node_modules/@prisma/client/src/runtime/RequestHandler.ts:237:13)\n    at zr.handleAndLogRequestError (/Users/nil09/Desktop/Lambda5/Event-Scheduler/node_modules/@prisma/client/src/runtime/RequestHandler.ts:183:12)\n    at zr.request (/Users/nil09/Desktop/Lambda5/Event-Scheduler/node_modules/@prisma/client/src/runtime/RequestHandler.ts:152:12)\n    at process.processTicksAndRejections (node:internal/process/task_queues:105:5)\n    at async a (/Users/nil09/Desktop/Lambda5/Event-Scheduler/node_modules/@prisma/client/src/runtime/getPrismaClient.ts:963:24)\n    at async getAllUsers (/Users/nil09/Desktop/Lambda5/Event-Scheduler/src/repositories/user.repository.ts:6:17)\n    at async getAllUsersService (/Users/nil09/Desktop/Lambda5/Event-Scheduler/src/services/users.service.ts:9:17)\n    at async getAllUsers (/Users/nil09/Desktop/Lambda5/Event-Scheduler/src/controllers/user.controller.ts:7:22)"
-------------------
[2026-08-24T09:21:49.151Z] GET /api/event-types/user/1
Payload: undefined
Error: 
Invalid `prisma.eventTypes.findMany()` invocation in
/Users/nil09/Desktop/Lambda5/Event-Scheduler/src/repositories/event-type.repository.ts:5:46

  2 import {CreateEventTypeDto,UpdateEventTypeDto} from "../dtos/event-type.dto.js"
  3 
  4 export async function getEventTypesByUserIdRepo(hostId: number) {
→ 5     const response = await prisma.eventTypes.findMany(

Details: "PrismaClientKnownRequestError: \nInvalid `prisma.eventTypes.findMany()` invocation in\n/Users/nil09/Desktop/Lambda5/Event-Scheduler/src/repositories/event-type.repository.ts:5:46\n\n  2 import {CreateEventTypeDto,UpdateEventTypeDto} from \"../dtos/event-type.dto.js\"\n  3 \n  4 export async function getEventTypesByUserIdRepo(hostId: number) {\n→ 5     const response = await prisma.eventTypes.findMany(\n\n    at zr.handleRequestError (/Users/nil09/Desktop/Lambda5/Event-Scheduler/node_modules/@prisma/client/src/runtime/RequestHandler.ts:237:13)\n    at zr.handleAndLogRequestError (/Users/nil09/Desktop/Lambda5/Event-Scheduler/node_modules/@prisma/client/src/runtime/RequestHandler.ts:183:12)\n    at zr.request (/Users/nil09/Desktop/Lambda5/Event-Scheduler/node_modules/@prisma/client/src/runtime/RequestHandler.ts:152:12)\n    at process.processTicksAndRejections (node:internal/process/task_queues:105:5)\n    at async a (/Users/nil09/Desktop/Lambda5/Event-Scheduler/node_modules/@prisma/client/src/runtime/getPrismaClient.ts:963:24)\n    at async getEventTypesByUserIdRepo (/Users/nil09/Desktop/Lambda5/Event-Scheduler/src/repositories/event-type.repository.ts:5:22)\n    at async getEventTypesByUserIdService (/Users/nil09/Desktop/Lambda5/Event-Scheduler/src/services/event-types.service.ts:11:22)\n    at async getEventsByUser (/Users/nil09/Desktop/Lambda5/Event-Scheduler/src/controllers/event-type.controller.ts:14:22)"
-------------------
[2026-08-24T09:21:49.165Z] GET /api/bookings
Payload: undefined
Error: 
Invalid `prisma.user.findUnique()` invocation in
/Users/nil09/Desktop/Lambda5/Event-Scheduler/src/repositories/user.repository.ts:12:35

   9 
  10 // find user by id
  11 export async function getUserById(id:number){
→ 12    const user = await prisma.user.findUnique(

Details: "PrismaClientKnownRequestError: \nInvalid `prisma.user.findUnique()` invocation in\n/Users/nil09/Desktop/Lambda5/Event-Scheduler/src/repositories/user.repository.ts:12:35\n\n   9 \n  10 // find user by id\n  11 export async function getUserById(id:number){\n→ 12    const user = await prisma.user.findUnique(\n\n    at zr.handleRequestError (/Users/nil09/Desktop/Lambda5/Event-Scheduler/node_modules/@prisma/client/src/runtime/RequestHandler.ts:237:13)\n    at zr.handleAndLogRequestError (/Users/nil09/Desktop/Lambda5/Event-Scheduler/node_modules/@prisma/client/src/runtime/RequestHandler.ts:183:12)\n    at zr.request (/Users/nil09/Desktop/Lambda5/Event-Scheduler/node_modules/@prisma/client/src/runtime/RequestHandler.ts:152:12)\n    at process.processTicksAndRejections (node:internal/process/task_queues:105:5)\n    at async a (/Users/nil09/Desktop/Lambda5/Event-Scheduler/node_modules/@prisma/client/src/runtime/getPrismaClient.ts:963:24)\n    at async getUserById (/Users/nil09/Desktop/Lambda5/Event-Scheduler/src/repositories/user.repository.ts:12:17)\n    at async authenticate (/Users/nil09/Desktop/Lambda5/Event-Scheduler/src/middlewares/auth.ts:28:16)"
-------------------
[2026-08-24T09:21:49.168Z] GET /api/availability/rules
Payload: undefined
Error: 
Invalid `prisma.user.findUnique()` invocation in
/Users/nil09/Desktop/Lambda5/Event-Scheduler/src/repositories/user.repository.ts:12:35

   9 
  10 // find user by id
  11 export async function getUserById(id:number){
→ 12    const user = await prisma.user.findUnique(

Details: "PrismaClientKnownRequestError: \nInvalid `prisma.user.findUnique()` invocation in\n/Users/nil09/Desktop/Lambda5/Event-Scheduler/src/repositories/user.repository.ts:12:35\n\n   9 \n  10 // find user by id\n  11 export async function getUserById(id:number){\n→ 12    const user = await prisma.user.findUnique(\n\n    at zr.handleRequestError (/Users/nil09/Desktop/Lambda5/Event-Scheduler/node_modules/@prisma/client/src/runtime/RequestHandler.ts:237:13)\n    at zr.handleAndLogRequestError (/Users/nil09/Desktop/Lambda5/Event-Scheduler/node_modules/@prisma/client/src/runtime/RequestHandler.ts:183:12)\n    at zr.request (/Users/nil09/Desktop/Lambda5/Event-Scheduler/node_modules/@prisma/client/src/runtime/RequestHandler.ts:152:12)\n    at process.processTicksAndRejections (node:internal/process/task_queues:105:5)\n    at async a (/Users/nil09/Desktop/Lambda5/Event-Scheduler/node_modules/@prisma/client/src/runtime/getPrismaClient.ts:963:24)\n    at async getUserById (/Users/nil09/Desktop/Lambda5/Event-Scheduler/src/repositories/user.repository.ts:12:17)\n    at async authenticate (/Users/nil09/Desktop/Lambda5/Event-Scheduler/src/middlewares/auth.ts:28:16)"
-------------------
[2026-08-24T09:21:49.176Z] GET /api/users
Payload: undefined
Error: 
Invalid `prisma.user.findMany()` invocation in
/Users/nil09/Desktop/Lambda5/Event-Scheduler/src/repositories/user.repository.ts:6:35

  3 
  4 // find all users
  5 export async function getAllUsers(){
→ 6    const user = await prisma.user.findMany(

Details: "PrismaClientKnownRequestError: \nInvalid `prisma.user.findMany()` invocation in\n/Users/nil09/Desktop/Lambda5/Event-Scheduler/src/repositories/user.repository.ts:6:35\n\n  3 \n  4 // find all users\n  5 export async function getAllUsers(){\n→ 6    const user = await prisma.user.findMany(\n\n    at zr.handleRequestError (/Users/nil09/Desktop/Lambda5/Event-Scheduler/node_modules/@prisma/client/src/runtime/RequestHandler.ts:237:13)\n    at zr.handleAndLogRequestError (/Users/nil09/Desktop/Lambda5/Event-Scheduler/node_modules/@prisma/client/src/runtime/RequestHandler.ts:183:12)\n    at zr.request (/Users/nil09/Desktop/Lambda5/Event-Scheduler/node_modules/@prisma/client/src/runtime/RequestHandler.ts:152:12)\n    at process.processTicksAndRejections (node:internal/process/task_queues:105:5)\n    at async a (/Users/nil09/Desktop/Lambda5/Event-Scheduler/node_modules/@prisma/client/src/runtime/getPrismaClient.ts:963:24)\n    at async getAllUsers (/Users/nil09/Desktop/Lambda5/Event-Scheduler/src/repositories/user.repository.ts:6:17)\n    at async getAllUsersService (/Users/nil09/Desktop/Lambda5/Event-Scheduler/src/services/users.service.ts:9:17)\n    at async getAllUsers (/Users/nil09/Desktop/Lambda5/Event-Scheduler/src/controllers/user.controller.ts:7:22)"
-------------------
[2026-08-24T09:21:49.179Z] GET /api/bookings
Payload: undefined
Error: 
Invalid `prisma.user.findUnique()` invocation in
/Users/nil09/Desktop/Lambda5/Event-Scheduler/src/repositories/user.repository.ts:12:35

   9 
  10 // find user by id
  11 export async function getUserById(id:number){
→ 12    const user = await prisma.user.findUnique(

Details: "PrismaClientKnownRequestError: \nInvalid `prisma.user.findUnique()` invocation in\n/Users/nil09/Desktop/Lambda5/Event-Scheduler/src/repositories/user.repository.ts:12:35\n\n   9 \n  10 // find user by id\n  11 export async function getUserById(id:number){\n→ 12    const user = await prisma.user.findUnique(\n\n    at zr.handleRequestError (/Users/nil09/Desktop/Lambda5/Event-Scheduler/node_modules/@prisma/client/src/runtime/RequestHandler.ts:237:13)\n    at zr.handleAndLogRequestError (/Users/nil09/Desktop/Lambda5/Event-Scheduler/node_modules/@prisma/client/src/runtime/RequestHandler.ts:183:12)\n    at zr.request (/Users/nil09/Desktop/Lambda5/Event-Scheduler/node_modules/@prisma/client/src/runtime/RequestHandler.ts:152:12)\n    at process.processTicksAndRejections (node:internal/process/task_queues:105:5)\n    at async a (/Users/nil09/Desktop/Lambda5/Event-Scheduler/node_modules/@prisma/client/src/runtime/getPrismaClient.ts:963:24)\n    at async getUserById (/Users/nil09/Desktop/Lambda5/Event-Scheduler/src/repositories/user.repository.ts:12:17)\n    at async authenticate (/Users/nil09/Desktop/Lambda5/Event-Scheduler/src/middlewares/auth.ts:28:16)"
-------------------
[2026-08-24T09:22:21.154Z] GET /api/users
Payload: undefined
Error: 
Invalid `prisma.user.findMany()` invocation in
/Users/nil09/Desktop/Lambda5/Event-Scheduler/src/repositories/user.repository.ts:6:35

  3 
  4 // find all users
  5 export async function getAllUsers(){
→ 6    const user = await prisma.user.findMany(

Details: "PrismaClientKnownRequestError: \nInvalid `prisma.user.findMany()` invocation in\n/Users/nil09/Desktop/Lambda5/Event-Scheduler/src/repositories/user.repository.ts:6:35\n\n  3 \n  4 // find all users\n  5 export async function getAllUsers(){\n→ 6    const user = await prisma.user.findMany(\n\n    at zr.handleRequestError (/Users/nil09/Desktop/Lambda5/Event-Scheduler/node_modules/@prisma/client/src/runtime/RequestHandler.ts:237:13)\n    at zr.handleAndLogRequestError (/Users/nil09/Desktop/Lambda5/Event-Scheduler/node_modules/@prisma/client/src/runtime/RequestHandler.ts:183:12)\n    at zr.request (/Users/nil09/Desktop/Lambda5/Event-Scheduler/node_modules/@prisma/client/src/runtime/RequestHandler.ts:152:12)\n    at process.processTicksAndRejections (node:internal/process/task_queues:105:5)\n    at async a (/Users/nil09/Desktop/Lambda5/Event-Scheduler/node_modules/@prisma/client/src/runtime/getPrismaClient.ts:963:24)\n    at async getAllUsers (/Users/nil09/Desktop/Lambda5/Event-Scheduler/src/repositories/user.repository.ts:6:17)\n    at async getAllUsersService (/Users/nil09/Desktop/Lambda5/Event-Scheduler/src/services/users.service.ts:9:17)\n    at async getAllUsers (/Users/nil09/Desktop/Lambda5/Event-Scheduler/src/controllers/user.controller.ts:7:22)"
-------------------
[2026-08-24T09:22:21.186Z] GET /api/availability/rules
Payload: undefined
Error: 
Invalid `prisma.user.findUnique()` invocation in
/Users/nil09/Desktop/Lambda5/Event-Scheduler/src/repositories/user.repository.ts:12:35

   9 
  10 // find user by id
  11 export async function getUserById(id:number){
→ 12    const user = await prisma.user.findUnique(

Details: "PrismaClientKnownRequestError: \nInvalid `prisma.user.findUnique()` invocation in\n/Users/nil09/Desktop/Lambda5/Event-Scheduler/src/repositories/user.repository.ts:12:35\n\n   9 \n  10 // find user by id\n  11 export async function getUserById(id:number){\n→ 12    const user = await prisma.user.findUnique(\n\n    at zr.handleRequestError (/Users/nil09/Desktop/Lambda5/Event-Scheduler/node_modules/@prisma/client/src/runtime/RequestHandler.ts:237:13)\n    at zr.handleAndLogRequestError (/Users/nil09/Desktop/Lambda5/Event-Scheduler/node_modules/@prisma/client/src/runtime/RequestHandler.ts:183:12)\n    at zr.request (/Users/nil09/Desktop/Lambda5/Event-Scheduler/node_modules/@prisma/client/src/runtime/RequestHandler.ts:152:12)\n    at process.processTicksAndRejections (node:internal/process/task_queues:105:5)\n    at async a (/Users/nil09/Desktop/Lambda5/Event-Scheduler/node_modules/@prisma/client/src/runtime/getPrismaClient.ts:963:24)\n    at async getUserById (/Users/nil09/Desktop/Lambda5/Event-Scheduler/src/repositories/user.repository.ts:12:17)\n    at async authenticate (/Users/nil09/Desktop/Lambda5/Event-Scheduler/src/middlewares/auth.ts:28:16)"
-------------------
[2026-08-24T09:22:21.192Z] GET /api/event-types/user/1
Payload: undefined
Error: 
Invalid `prisma.eventTypes.findMany()` invocation in
/Users/nil09/Desktop/Lambda5/Event-Scheduler/src/repositories/event-type.repository.ts:5:46

  2 import {CreateEventTypeDto,UpdateEventTypeDto} from "../dtos/event-type.dto.js"
  3 
  4 export async function getEventTypesByUserIdRepo(hostId: number) {
→ 5     const response = await prisma.eventTypes.findMany(

Details: "PrismaClientKnownRequestError: \nInvalid `prisma.eventTypes.findMany()` invocation in\n/Users/nil09/Desktop/Lambda5/Event-Scheduler/src/repositories/event-type.repository.ts:5:46\n\n  2 import {CreateEventTypeDto,UpdateEventTypeDto} from \"../dtos/event-type.dto.js\"\n  3 \n  4 export async function getEventTypesByUserIdRepo(hostId: number) {\n→ 5     const response = await prisma.eventTypes.findMany(\n\n    at zr.handleRequestError (/Users/nil09/Desktop/Lambda5/Event-Scheduler/node_modules/@prisma/client/src/runtime/RequestHandler.ts:237:13)\n    at zr.handleAndLogRequestError (/Users/nil09/Desktop/Lambda5/Event-Scheduler/node_modules/@prisma/client/src/runtime/RequestHandler.ts:183:12)\n    at zr.request (/Users/nil09/Desktop/Lambda5/Event-Scheduler/node_modules/@prisma/client/src/runtime/RequestHandler.ts:152:12)\n    at process.processTicksAndRejections (node:internal/process/task_queues:105:5)\n    at async a (/Users/nil09/Desktop/Lambda5/Event-Scheduler/node_modules/@prisma/client/src/runtime/getPrismaClient.ts:963:24)\n    at async getEventTypesByUserIdRepo (/Users/nil09/Desktop/Lambda5/Event-Scheduler/src/repositories/event-type.repository.ts:5:22)\n    at async getEventTypesByUserIdService (/Users/nil09/Desktop/Lambda5/Event-Scheduler/src/services/event-types.service.ts:11:22)\n    at async getEventsByUser (/Users/nil09/Desktop/Lambda5/Event-Scheduler/src/controllers/event-type.controller.ts:14:22)"
-------------------
[2026-08-24T09:22:21.196Z] GET /api/bookings
Payload: undefined
Error: 
Invalid `prisma.user.findUnique()` invocation in
/Users/nil09/Desktop/Lambda5/Event-Scheduler/src/repositories/user.repository.ts:12:35

   9 
  10 // find user by id
  11 export async function getUserById(id:number){
→ 12    const user = await prisma.user.findUnique(

Details: "PrismaClientKnownRequestError: \nInvalid `prisma.user.findUnique()` invocation in\n/Users/nil09/Desktop/Lambda5/Event-Scheduler/src/repositories/user.repository.ts:12:35\n\n   9 \n  10 // find user by id\n  11 export async function getUserById(id:number){\n→ 12    const user = await prisma.user.findUnique(\n\n    at zr.handleRequestError (/Users/nil09/Desktop/Lambda5/Event-Scheduler/node_modules/@prisma/client/src/runtime/RequestHandler.ts:237:13)\n    at zr.handleAndLogRequestError (/Users/nil09/Desktop/Lambda5/Event-Scheduler/node_modules/@prisma/client/src/runtime/RequestHandler.ts:183:12)\n    at zr.request (/Users/nil09/Desktop/Lambda5/Event-Scheduler/node_modules/@prisma/client/src/runtime/RequestHandler.ts:152:12)\n    at process.processTicksAndRejections (node:internal/process/task_queues:105:5)\n    at async a (/Users/nil09/Desktop/Lambda5/Event-Scheduler/node_modules/@prisma/client/src/runtime/getPrismaClient.ts:963:24)\n    at async getUserById (/Users/nil09/Desktop/Lambda5/Event-Scheduler/src/repositories/user.repository.ts:12:17)\n    at async authenticate (/Users/nil09/Desktop/Lambda5/Event-Scheduler/src/middlewares/auth.ts:28:16)"
-------------------
[2026-08-24T09:22:21.199Z] GET /api/users
Payload: undefined
Error: 
Invalid `prisma.user.findMany()` invocation in
/Users/nil09/Desktop/Lambda5/Event-Scheduler/src/repositories/user.repository.ts:6:35

  3 
  4 // find all users
  5 export async function getAllUsers(){
→ 6    const user = await prisma.user.findMany(

Details: "PrismaClientKnownRequestError: \nInvalid `prisma.user.findMany()` invocation in\n/Users/nil09/Desktop/Lambda5/Event-Scheduler/src/repositories/user.repository.ts:6:35\n\n  3 \n  4 // find all users\n  5 export async function getAllUsers(){\n→ 6    const user = await prisma.user.findMany(\n\n    at zr.handleRequestError (/Users/nil09/Desktop/Lambda5/Event-Scheduler/node_modules/@prisma/client/src/runtime/RequestHandler.ts:237:13)\n    at zr.handleAndLogRequestError (/Users/nil09/Desktop/Lambda5/Event-Scheduler/node_modules/@prisma/client/src/runtime/RequestHandler.ts:183:12)\n    at zr.request (/Users/nil09/Desktop/Lambda5/Event-Scheduler/node_modules/@prisma/client/src/runtime/RequestHandler.ts:152:12)\n    at process.processTicksAndRejections (node:internal/process/task_queues:105:5)\n    at async a (/Users/nil09/Desktop/Lambda5/Event-Scheduler/node_modules/@prisma/client/src/runtime/getPrismaClient.ts:963:24)\n    at async getAllUsers (/Users/nil09/Desktop/Lambda5/Event-Scheduler/src/repositories/user.repository.ts:6:17)\n    at async getAllUsersService (/Users/nil09/Desktop/Lambda5/Event-Scheduler/src/services/users.service.ts:9:17)\n    at async getAllUsers (/Users/nil09/Desktop/Lambda5/Event-Scheduler/src/controllers/user.controller.ts:7:22)"
-------------------
[2026-08-24T09:22:21.204Z] GET /api/availability/rules
Payload: undefined
Error: 
Invalid `prisma.user.findUnique()` invocation in
/Users/nil09/Desktop/Lambda5/Event-Scheduler/src/repositories/user.repository.ts:12:35

   9 
  10 // find user by id
  11 export async function getUserById(id:number){
→ 12    const user = await prisma.user.findUnique(

Details: "PrismaClientKnownRequestError: \nInvalid `prisma.user.findUnique()` invocation in\n/Users/nil09/Desktop/Lambda5/Event-Scheduler/src/repositories/user.repository.ts:12:35\n\n   9 \n  10 // find user by id\n  11 export async function getUserById(id:number){\n→ 12    const user = await prisma.user.findUnique(\n\n    at zr.handleRequestError (/Users/nil09/Desktop/Lambda5/Event-Scheduler/node_modules/@prisma/client/src/runtime/RequestHandler.ts:237:13)\n    at zr.handleAndLogRequestError (/Users/nil09/Desktop/Lambda5/Event-Scheduler/node_modules/@prisma/client/src/runtime/RequestHandler.ts:183:12)\n    at zr.request (/Users/nil09/Desktop/Lambda5/Event-Scheduler/node_modules/@prisma/client/src/runtime/RequestHandler.ts:152:12)\n    at process.processTicksAndRejections (node:internal/process/task_queues:105:5)\n    at async a (/Users/nil09/Desktop/Lambda5/Event-Scheduler/node_modules/@prisma/client/src/runtime/getPrismaClient.ts:963:24)\n    at async getUserById (/Users/nil09/Desktop/Lambda5/Event-Scheduler/src/repositories/user.repository.ts:12:17)\n    at async authenticate (/Users/nil09/Desktop/Lambda5/Event-Scheduler/src/middlewares/auth.ts:28:16)"
-------------------
[2026-08-24T09:22:21.206Z] GET /api/event-types/user/1
Payload: undefined
Error: 
Invalid `prisma.eventTypes.findMany()` invocation in
/Users/nil09/Desktop/Lambda5/Event-Scheduler/src/repositories/event-type.repository.ts:5:46

  2 import {CreateEventTypeDto,UpdateEventTypeDto} from "../dtos/event-type.dto.js"
  3 
  4 export async function getEventTypesByUserIdRepo(hostId: number) {
→ 5     const response = await prisma.eventTypes.findMany(

Details: "PrismaClientKnownRequestError: \nInvalid `prisma.eventTypes.findMany()` invocation in\n/Users/nil09/Desktop/Lambda5/Event-Scheduler/src/repositories/event-type.repository.ts:5:46\n\n  2 import {CreateEventTypeDto,UpdateEventTypeDto} from \"../dtos/event-type.dto.js\"\n  3 \n  4 export async function getEventTypesByUserIdRepo(hostId: number) {\n→ 5     const response = await prisma.eventTypes.findMany(\n\n    at zr.handleRequestError (/Users/nil09/Desktop/Lambda5/Event-Scheduler/node_modules/@prisma/client/src/runtime/RequestHandler.ts:237:13)\n    at zr.handleAndLogRequestError (/Users/nil09/Desktop/Lambda5/Event-Scheduler/node_modules/@prisma/client/src/runtime/RequestHandler.ts:183:12)\n    at zr.request (/Users/nil09/Desktop/Lambda5/Event-Scheduler/node_modules/@prisma/client/src/runtime/RequestHandler.ts:152:12)\n    at process.processTicksAndRejections (node:internal/process/task_queues:105:5)\n    at async a (/Users/nil09/Desktop/Lambda5/Event-Scheduler/node_modules/@prisma/client/src/runtime/getPrismaClient.ts:963:24)\n    at async getEventTypesByUserIdRepo (/Users/nil09/Desktop/Lambda5/Event-Scheduler/src/repositories/event-type.repository.ts:5:22)\n    at async getEventTypesByUserIdService (/Users/nil09/Desktop/Lambda5/Event-Scheduler/src/services/event-types.service.ts:11:22)\n    at async getEventsByUser (/Users/nil09/Desktop/Lambda5/Event-Scheduler/src/controllers/event-type.controller.ts:14:22)"
-------------------
[2026-08-24T09:22:21.207Z] GET /api/bookings
Payload: undefined
Error: 
Invalid `prisma.user.findUnique()` invocation in
/Users/nil09/Desktop/Lambda5/Event-Scheduler/src/repositories/user.repository.ts:12:35

   9 
  10 // find user by id
  11 export async function getUserById(id:number){
→ 12    const user = await prisma.user.findUnique(

Details: "PrismaClientKnownRequestError: \nInvalid `prisma.user.findUnique()` invocation in\n/Users/nil09/Desktop/Lambda5/Event-Scheduler/src/repositories/user.repository.ts:12:35\n\n   9 \n  10 // find user by id\n  11 export async function getUserById(id:number){\n→ 12    const user = await prisma.user.findUnique(\n\n    at zr.handleRequestError (/Users/nil09/Desktop/Lambda5/Event-Scheduler/node_modules/@prisma/client/src/runtime/RequestHandler.ts:237:13)\n    at zr.handleAndLogRequestError (/Users/nil09/Desktop/Lambda5/Event-Scheduler/node_modules/@prisma/client/src/runtime/RequestHandler.ts:183:12)\n    at zr.request (/Users/nil09/Desktop/Lambda5/Event-Scheduler/node_modules/@prisma/client/src/runtime/RequestHandler.ts:152:12)\n    at process.processTicksAndRejections (node:internal/process/task_queues:105:5)\n    at async a (/Users/nil09/Desktop/Lambda5/Event-Scheduler/node_modules/@prisma/client/src/runtime/getPrismaClient.ts:963:24)\n    at async getUserById (/Users/nil09/Desktop/Lambda5/Event-Scheduler/src/repositories/user.repository.ts:12:17)\n    at async authenticate (/Users/nil09/Desktop/Lambda5/Event-Scheduler/src/middlewares/auth.ts:28:16)"
-------------------
[2026-08-24T14:57:08.387Z] GET /api/availability/rules
Payload: undefined
Error: User not found.
Details: "ApiError: User not found.\n    at unauthorized (/Users/nil09/Desktop/Lambda5/Event-Scheduler/src/utils/api-error.ts:18:69)\n    at authenticate (/Users/nil09/Desktop/Lambda5/Event-Scheduler/src/middlewares/auth.ts:30:11)\n    at process.processTicksAndRejections (node:internal/process/task_queues:105:5)"
-------------------
[2026-08-24T14:57:08.401Z] GET /api/bookings
Payload: undefined
Error: User not found.
Details: "ApiError: User not found.\n    at unauthorized (/Users/nil09/Desktop/Lambda5/Event-Scheduler/src/utils/api-error.ts:18:69)\n    at authenticate (/Users/nil09/Desktop/Lambda5/Event-Scheduler/src/middlewares/auth.ts:30:11)\n    at process.processTicksAndRejections (node:internal/process/task_queues:105:5)"
-------------------
[2026-08-24T14:57:08.416Z] GET /api/bookings
Payload: undefined
Error: User not found.
Details: "ApiError: User not found.\n    at unauthorized (/Users/nil09/Desktop/Lambda5/Event-Scheduler/src/utils/api-error.ts:18:69)\n    at authenticate (/Users/nil09/Desktop/Lambda5/Event-Scheduler/src/middlewares/auth.ts:30:11)\n    at process.processTicksAndRejections (node:internal/process/task_queues:105:5)"
-------------------
[2026-08-24T14:57:08.480Z] GET /api/availability/rules
Payload: undefined
Error: User not found.
Details: "ApiError: User not found.\n    at unauthorized (/Users/nil09/Desktop/Lambda5/Event-Scheduler/src/utils/api-error.ts:18:69)\n    at authenticate (/Users/nil09/Desktop/Lambda5/Event-Scheduler/src/middlewares/auth.ts:30:11)\n    at process.processTicksAndRejections (node:internal/process/task_queues:105:5)"
-------------------
[2026-08-24T14:57:10.552Z] GET /api/availability/rules
Payload: undefined
Error: Authentication required. Please provide x-user-id header.
Details: "ApiError: Authentication required. Please provide x-user-id header.\n    at unauthorized (/Users/nil09/Desktop/Lambda5/Event-Scheduler/src/utils/api-error.ts:18:69)\n    at authenticate (/Users/nil09/Desktop/Lambda5/Event-Scheduler/src/middlewares/auth.ts:19:11)\n    at Layer.handleRequest (/Users/nil09/Desktop/Lambda5/Event-Scheduler/node_modules/router/lib/layer.js:152:17)\n    at trimPrefix (/Users/nil09/Desktop/Lambda5/Event-Scheduler/node_modules/router/index.js:342:13)\n    at /Users/nil09/Desktop/Lambda5/Event-Scheduler/node_modules/router/index.js:297:9\n    at processParams (/Users/nil09/Desktop/Lambda5/Event-Scheduler/node_modules/router/index.js:582:12)\n    at next (/Users/nil09/Desktop/Lambda5/Event-Scheduler/node_modules/router/index.js:291:5)\n    at router.handle (/Users/nil09/Desktop/Lambda5/Event-Scheduler/node_modules/router/index.js:186:3)\n    at router (/Users/nil09/Desktop/Lambda5/Event-Scheduler/node_modules/router/index.js:60:12)\n    at Layer.handleRequest (/Users/nil09/Desktop/Lambda5/Event-Scheduler/node_modules/router/lib/layer.js:152:17)"
-------------------
[2026-08-24T14:59:42.554Z] GET /api/availability/rules
Payload: undefined
Error: Authentication required. Please provide x-user-id header.
Details: "ApiError: Authentication required. Please provide x-user-id header.\n    at unauthorized (/Users/nil09/Desktop/Lambda5/Event-Scheduler/src/utils/api-error.ts:18:69)\n    at authenticate (/Users/nil09/Desktop/Lambda5/Event-Scheduler/src/middlewares/auth.ts:19:11)\n    at Layer.handleRequest (/Users/nil09/Desktop/Lambda5/Event-Scheduler/node_modules/router/lib/layer.js:152:17)\n    at trimPrefix (/Users/nil09/Desktop/Lambda5/Event-Scheduler/node_modules/router/index.js:342:13)\n    at /Users/nil09/Desktop/Lambda5/Event-Scheduler/node_modules/router/index.js:297:9\n    at processParams (/Users/nil09/Desktop/Lambda5/Event-Scheduler/node_modules/router/index.js:582:12)\n    at next (/Users/nil09/Desktop/Lambda5/Event-Scheduler/node_modules/router/index.js:291:5)\n    at router.handle (/Users/nil09/Desktop/Lambda5/Event-Scheduler/node_modules/router/index.js:186:3)\n    at router (/Users/nil09/Desktop/Lambda5/Event-Scheduler/node_modules/router/index.js:60:12)\n    at Layer.handleRequest (/Users/nil09/Desktop/Lambda5/Event-Scheduler/node_modules/router/lib/layer.js:152:17)"
-------------------
[2026-08-24T15:04:30.531Z] GET /api/public/users/4/event-types/mental-health
Payload: undefined
Error: 
Invalid `prisma.user.findUnique()` invocation in
/Users/nil09/Desktop/Lambda5/Event-Scheduler/src/repositories/user.repository.ts:12:35

   9 
  10 // find user by id
  11 export async function getUserById(id:number){
→ 12    const user = await prisma.user.findUnique({
          where: {
            id: "mental-health"
                ~~~~~~~~~~~~~~~
          }
        })

Argument `id`: Invalid value provided. Expected Int, provided String.
Details: "PrismaClientValidationError: \nInvalid `prisma.user.findUnique()` invocation in\n/Users/nil09/Desktop/Lambda5/Event-Scheduler/src/repositories/user.repository.ts:12:35\n\n   9 \n  10 // find user by id\n  11 export async function getUserById(id:number){\n→ 12    const user = await prisma.user.findUnique({\n          where: {\n            id: \"mental-health\"\n                ~~~~~~~~~~~~~~~\n          }\n        })\n\nArgument `id`: Invalid value provided. Expected Int, provided String.\n    at throwValidationException (/Users/nil09/Desktop/Lambda5/Event-Scheduler/node_modules/@prisma/client/src/runtime/core/errorRendering/throwValidationException.ts:46:9)\n    at zr.handleRequestError (/Users/nil09/Desktop/Lambda5/Event-Scheduler/node_modules/@prisma/client/src/runtime/RequestHandler.ts:211:7)\n    at zr.handleAndLogRequestError (/Users/nil09/Desktop/Lambda5/Event-Scheduler/node_modules/@prisma/client/src/runtime/RequestHandler.ts:183:12)\n    at zr.request (/Users/nil09/Desktop/Lambda5/Event-Scheduler/node_modules/@prisma/client/src/runtime/RequestHandler.ts:152:12)\n    at process.processTicksAndRejections (node:internal/process/task_queues:105:5)\n    at async a (/Users/nil09/Desktop/Lambda5/Event-Scheduler/node_modules/@prisma/client/src/runtime/getPrismaClient.ts:963:24)\n    at async getUserById (/Users/nil09/Desktop/Lambda5/Event-Scheduler/src/repositories/user.repository.ts:12:17)\n    at async getEventTypePublic (/Users/nil09/Desktop/Lambda5/Event-Scheduler/src/services/event-types.service.ts:23:18)\n    at async getPublicEventType (/Users/nil09/Desktop/Lambda5/Event-Scheduler/src/controllers/event-type.controller.ts:52:22)"
-------------------
[2026-08-24T15:04:30.538Z] GET /api/public/users/4/event-types/mental-health
Payload: undefined
Error: 
Invalid `prisma.user.findUnique()` invocation in
/Users/nil09/Desktop/Lambda5/Event-Scheduler/src/repositories/user.repository.ts:12:35

   9 
  10 // find user by id
  11 export async function getUserById(id:number){
→ 12    const user = await prisma.user.findUnique({
          where: {
            id: "mental-health"
                ~~~~~~~~~~~~~~~
          }
        })

Argument `id`: Invalid value provided. Expected Int, provided String.
Details: "PrismaClientValidationError: \nInvalid `prisma.user.findUnique()` invocation in\n/Users/nil09/Desktop/Lambda5/Event-Scheduler/src/repositories/user.repository.ts:12:35\n\n   9 \n  10 // find user by id\n  11 export async function getUserById(id:number){\n→ 12    const user = await prisma.user.findUnique({\n          where: {\n            id: \"mental-health\"\n                ~~~~~~~~~~~~~~~\n          }\n        })\n\nArgument `id`: Invalid value provided. Expected Int, provided String.\n    at throwValidationException (/Users/nil09/Desktop/Lambda5/Event-Scheduler/node_modules/@prisma/client/src/runtime/core/errorRendering/throwValidationException.ts:46:9)\n    at zr.handleRequestError (/Users/nil09/Desktop/Lambda5/Event-Scheduler/node_modules/@prisma/client/src/runtime/RequestHandler.ts:211:7)\n    at zr.handleAndLogRequestError (/Users/nil09/Desktop/Lambda5/Event-Scheduler/node_modules/@prisma/client/src/runtime/RequestHandler.ts:183:12)\n    at zr.request (/Users/nil09/Desktop/Lambda5/Event-Scheduler/node_modules/@prisma/client/src/runtime/RequestHandler.ts:152:12)\n    at process.processTicksAndRejections (node:internal/process/task_queues:105:5)\n    at async a (/Users/nil09/Desktop/Lambda5/Event-Scheduler/node_modules/@prisma/client/src/runtime/getPrismaClient.ts:963:24)\n    at async getUserById (/Users/nil09/Desktop/Lambda5/Event-Scheduler/src/repositories/user.repository.ts:12:17)\n    at async getEventTypePublic (/Users/nil09/Desktop/Lambda5/Event-Scheduler/src/services/event-types.service.ts:23:18)\n    at async getPublicEventType (/Users/nil09/Desktop/Lambda5/Event-Scheduler/src/controllers/event-type.controller.ts:52:22)"
-------------------
[2026-08-24T15:04:33.153Z] GET /api/public/users/4/event-types/mental-health
Payload: undefined
Error: 
Invalid `prisma.user.findUnique()` invocation in
/Users/nil09/Desktop/Lambda5/Event-Scheduler/src/repositories/user.repository.ts:12:35

   9 
  10 // find user by id
  11 export async function getUserById(id:number){
→ 12    const user = await prisma.user.findUnique({
          where: {
            id: "mental-health"
                ~~~~~~~~~~~~~~~
          }
        })

Argument `id`: Invalid value provided. Expected Int, provided String.
Details: "PrismaClientValidationError: \nInvalid `prisma.user.findUnique()` invocation in\n/Users/nil09/Desktop/Lambda5/Event-Scheduler/src/repositories/user.repository.ts:12:35\n\n   9 \n  10 // find user by id\n  11 export async function getUserById(id:number){\n→ 12    const user = await prisma.user.findUnique({\n          where: {\n            id: \"mental-health\"\n                ~~~~~~~~~~~~~~~\n          }\n        })\n\nArgument `id`: Invalid value provided. Expected Int, provided String.\n    at throwValidationException (/Users/nil09/Desktop/Lambda5/Event-Scheduler/node_modules/@prisma/client/src/runtime/core/errorRendering/throwValidationException.ts:46:9)\n    at zr.handleRequestError (/Users/nil09/Desktop/Lambda5/Event-Scheduler/node_modules/@prisma/client/src/runtime/RequestHandler.ts:211:7)\n    at zr.handleAndLogRequestError (/Users/nil09/Desktop/Lambda5/Event-Scheduler/node_modules/@prisma/client/src/runtime/RequestHandler.ts:183:12)\n    at zr.request (/Users/nil09/Desktop/Lambda5/Event-Scheduler/node_modules/@prisma/client/src/runtime/RequestHandler.ts:152:12)\n    at process.processTicksAndRejections (node:internal/process/task_queues:105:5)\n    at async a (/Users/nil09/Desktop/Lambda5/Event-Scheduler/node_modules/@prisma/client/src/runtime/getPrismaClient.ts:963:24)\n    at async getUserById (/Users/nil09/Desktop/Lambda5/Event-Scheduler/src/repositories/user.repository.ts:12:17)\n    at async getEventTypePublic (/Users/nil09/Desktop/Lambda5/Event-Scheduler/src/services/event-types.service.ts:23:18)\n    at async getPublicEventType (/Users/nil09/Desktop/Lambda5/Event-Scheduler/src/controllers/event-type.controller.ts:52:22)"
-------------------
[2026-08-24T15:04:33.156Z] GET /api/public/users/4/event-types/mental-health
Payload: undefined
Error: 
Invalid `prisma.user.findUnique()` invocation in
/Users/nil09/Desktop/Lambda5/Event-Scheduler/src/repositories/user.repository.ts:12:35

   9 
  10 // find user by id
  11 export async function getUserById(id:number){
→ 12    const user = await prisma.user.findUnique({
          where: {
            id: "mental-health"
                ~~~~~~~~~~~~~~~
          }
        })

Argument `id`: Invalid value provided. Expected Int, provided String.
Details: "PrismaClientValidationError: \nInvalid `prisma.user.findUnique()` invocation in\n/Users/nil09/Desktop/Lambda5/Event-Scheduler/src/repositories/user.repository.ts:12:35\n\n   9 \n  10 // find user by id\n  11 export async function getUserById(id:number){\n→ 12    const user = await prisma.user.findUnique({\n          where: {\n            id: \"mental-health\"\n                ~~~~~~~~~~~~~~~\n          }\n        })\n\nArgument `id`: Invalid value provided. Expected Int, provided String.\n    at throwValidationException (/Users/nil09/Desktop/Lambda5/Event-Scheduler/node_modules/@prisma/client/src/runtime/core/errorRendering/throwValidationException.ts:46:9)\n    at zr.handleRequestError (/Users/nil09/Desktop/Lambda5/Event-Scheduler/node_modules/@prisma/client/src/runtime/RequestHandler.ts:211:7)\n    at zr.handleAndLogRequestError (/Users/nil09/Desktop/Lambda5/Event-Scheduler/node_modules/@prisma/client/src/runtime/RequestHandler.ts:183:12)\n    at zr.request (/Users/nil09/Desktop/Lambda5/Event-Scheduler/node_modules/@prisma/client/src/runtime/RequestHandler.ts:152:12)\n    at process.processTicksAndRejections (node:internal/process/task_queues:105:5)\n    at async a (/Users/nil09/Desktop/Lambda5/Event-Scheduler/node_modules/@prisma/client/src/runtime/getPrismaClient.ts:963:24)\n    at async getUserById (/Users/nil09/Desktop/Lambda5/Event-Scheduler/src/repositories/user.repository.ts:12:17)\n    at async getEventTypePublic (/Users/nil09/Desktop/Lambda5/Event-Scheduler/src/services/event-types.service.ts:23:18)\n    at async getPublicEventType (/Users/nil09/Desktop/Lambda5/Event-Scheduler/src/controllers/event-type.controller.ts:52:22)"
-------------------
[2026-08-24T15:04:33.652Z] GET /api/public/users/4/event-types/mental-health
Payload: undefined
Error: 
Invalid `prisma.user.findUnique()` invocation in
/Users/nil09/Desktop/Lambda5/Event-Scheduler/src/repositories/user.repository.ts:12:35

   9 
  10 // find user by id
  11 export async function getUserById(id:number){
→ 12    const user = await prisma.user.findUnique({
          where: {
            id: "mental-health"
                ~~~~~~~~~~~~~~~
          }
        })

Argument `id`: Invalid value provided. Expected Int, provided String.
Details: "PrismaClientValidationError: \nInvalid `prisma.user.findUnique()` invocation in\n/Users/nil09/Desktop/Lambda5/Event-Scheduler/src/repositories/user.repository.ts:12:35\n\n   9 \n  10 // find user by id\n  11 export async function getUserById(id:number){\n→ 12    const user = await prisma.user.findUnique({\n          where: {\n            id: \"mental-health\"\n                ~~~~~~~~~~~~~~~\n          }\n        })\n\nArgument `id`: Invalid value provided. Expected Int, provided String.\n    at throwValidationException (/Users/nil09/Desktop/Lambda5/Event-Scheduler/node_modules/@prisma/client/src/runtime/core/errorRendering/throwValidationException.ts:46:9)\n    at zr.handleRequestError (/Users/nil09/Desktop/Lambda5/Event-Scheduler/node_modules/@prisma/client/src/runtime/RequestHandler.ts:211:7)\n    at zr.handleAndLogRequestError (/Users/nil09/Desktop/Lambda5/Event-Scheduler/node_modules/@prisma/client/src/runtime/RequestHandler.ts:183:12)\n    at zr.request (/Users/nil09/Desktop/Lambda5/Event-Scheduler/node_modules/@prisma/client/src/runtime/RequestHandler.ts:152:12)\n    at process.processTicksAndRejections (node:internal/process/task_queues:105:5)\n    at async a (/Users/nil09/Desktop/Lambda5/Event-Scheduler/node_modules/@prisma/client/src/runtime/getPrismaClient.ts:963:24)\n    at async getUserById (/Users/nil09/Desktop/Lambda5/Event-Scheduler/src/repositories/user.repository.ts:12:17)\n    at async getEventTypePublic (/Users/nil09/Desktop/Lambda5/Event-Scheduler/src/services/event-types.service.ts:23:18)\n    at async getPublicEventType (/Users/nil09/Desktop/Lambda5/Event-Scheduler/src/controllers/event-type.controller.ts:52:22)"
-------------------
[2026-08-24T15:04:33.656Z] GET /api/public/users/4/event-types/mental-health
Payload: undefined
Error: 
Invalid `prisma.user.findUnique()` invocation in
/Users/nil09/Desktop/Lambda5/Event-Scheduler/src/repositories/user.repository.ts:12:35

   9 
  10 // find user by id
  11 export async function getUserById(id:number){
→ 12    const user = await prisma.user.findUnique({
          where: {
            id: "mental-health"
                ~~~~~~~~~~~~~~~
          }
        })

Argument `id`: Invalid value provided. Expected Int, provided String.
Details: "PrismaClientValidationError: \nInvalid `prisma.user.findUnique()` invocation in\n/Users/nil09/Desktop/Lambda5/Event-Scheduler/src/repositories/user.repository.ts:12:35\n\n   9 \n  10 // find user by id\n  11 export async function getUserById(id:number){\n→ 12    const user = await prisma.user.findUnique({\n          where: {\n            id: \"mental-health\"\n                ~~~~~~~~~~~~~~~\n          }\n        })\n\nArgument `id`: Invalid value provided. Expected Int, provided String.\n    at throwValidationException (/Users/nil09/Desktop/Lambda5/Event-Scheduler/node_modules/@prisma/client/src/runtime/core/errorRendering/throwValidationException.ts:46:9)\n    at zr.handleRequestError (/Users/nil09/Desktop/Lambda5/Event-Scheduler/node_modules/@prisma/client/src/runtime/RequestHandler.ts:211:7)\n    at zr.handleAndLogRequestError (/Users/nil09/Desktop/Lambda5/Event-Scheduler/node_modules/@prisma/client/src/runtime/RequestHandler.ts:183:12)\n    at zr.request (/Users/nil09/Desktop/Lambda5/Event-Scheduler/node_modules/@prisma/client/src/runtime/RequestHandler.ts:152:12)\n    at process.processTicksAndRejections (node:internal/process/task_queues:105:5)\n    at async a (/Users/nil09/Desktop/Lambda5/Event-Scheduler/node_modules/@prisma/client/src/runtime/getPrismaClient.ts:963:24)\n    at async getUserById (/Users/nil09/Desktop/Lambda5/Event-Scheduler/src/repositories/user.repository.ts:12:17)\n    at async getEventTypePublic (/Users/nil09/Desktop/Lambda5/Event-Scheduler/src/services/event-types.service.ts:23:18)\n    at async getPublicEventType (/Users/nil09/Desktop/Lambda5/Event-Scheduler/src/controllers/event-type.controller.ts:52:22)"
-------------------
[2026-08-24T15:04:37.967Z] GET /api/public/users/4/event-types/30-min-discovery-call
Payload: undefined
Error: 
Invalid `prisma.user.findUnique()` invocation in
/Users/nil09/Desktop/Lambda5/Event-Scheduler/src/repositories/user.repository.ts:12:35

   9 
  10 // find user by id
  11 export async function getUserById(id:number){
→ 12    const user = await prisma.user.findUnique({
          where: {
            id: "30-min-discovery-call"
                ~~~~~~~~~~~~~~~~~~~~~~~
          }
        })

Argument `id`: Invalid value provided. Expected Int, provided String.
Details: "PrismaClientValidationError: \nInvalid `prisma.user.findUnique()` invocation in\n/Users/nil09/Desktop/Lambda5/Event-Scheduler/src/repositories/user.repository.ts:12:35\n\n   9 \n  10 // find user by id\n  11 export async function getUserById(id:number){\n→ 12    const user = await prisma.user.findUnique({\n          where: {\n            id: \"30-min-discovery-call\"\n                ~~~~~~~~~~~~~~~~~~~~~~~\n          }\n        })\n\nArgument `id`: Invalid value provided. Expected Int, provided String.\n    at throwValidationException (/Users/nil09/Desktop/Lambda5/Event-Scheduler/node_modules/@prisma/client/src/runtime/core/errorRendering/throwValidationException.ts:46:9)\n    at zr.handleRequestError (/Users/nil09/Desktop/Lambda5/Event-Scheduler/node_modules/@prisma/client/src/runtime/RequestHandler.ts:211:7)\n    at zr.handleAndLogRequestError (/Users/nil09/Desktop/Lambda5/Event-Scheduler/node_modules/@prisma/client/src/runtime/RequestHandler.ts:183:12)\n    at zr.request (/Users/nil09/Desktop/Lambda5/Event-Scheduler/node_modules/@prisma/client/src/runtime/RequestHandler.ts:152:12)\n    at process.processTicksAndRejections (node:internal/process/task_queues:105:5)\n    at async a (/Users/nil09/Desktop/Lambda5/Event-Scheduler/node_modules/@prisma/client/src/runtime/getPrismaClient.ts:963:24)\n    at async getUserById (/Users/nil09/Desktop/Lambda5/Event-Scheduler/src/repositories/user.repository.ts:12:17)\n    at async getEventTypePublic (/Users/nil09/Desktop/Lambda5/Event-Scheduler/src/services/event-types.service.ts:23:18)\n    at async getPublicEventType (/Users/nil09/Desktop/Lambda5/Event-Scheduler/src/controllers/event-type.controller.ts:52:22)"
-------------------
[2026-08-24T15:04:37.973Z] GET /api/public/users/4/event-types/30-min-discovery-call
Payload: undefined
Error: 
Invalid `prisma.user.findUnique()` invocation in
/Users/nil09/Desktop/Lambda5/Event-Scheduler/src/repositories/user.repository.ts:12:35

   9 
  10 // find user by id
  11 export async function getUserById(id:number){
→ 12    const user = await prisma.user.findUnique({
          where: {
            id: "30-min-discovery-call"
                ~~~~~~~~~~~~~~~~~~~~~~~
          }
        })

Argument `id`: Invalid value provided. Expected Int, provided String.
Details: "PrismaClientValidationError: \nInvalid `prisma.user.findUnique()` invocation in\n/Users/nil09/Desktop/Lambda5/Event-Scheduler/src/repositories/user.repository.ts:12:35\n\n   9 \n  10 // find user by id\n  11 export async function getUserById(id:number){\n→ 12    const user = await prisma.user.findUnique({\n          where: {\n            id: \"30-min-discovery-call\"\n                ~~~~~~~~~~~~~~~~~~~~~~~\n          }\n        })\n\nArgument `id`: Invalid value provided. Expected Int, provided String.\n    at throwValidationException (/Users/nil09/Desktop/Lambda5/Event-Scheduler/node_modules/@prisma/client/src/runtime/core/errorRendering/throwValidationException.ts:46:9)\n    at zr.handleRequestError (/Users/nil09/Desktop/Lambda5/Event-Scheduler/node_modules/@prisma/client/src/runtime/RequestHandler.ts:211:7)\n    at zr.handleAndLogRequestError (/Users/nil09/Desktop/Lambda5/Event-Scheduler/node_modules/@prisma/client/src/runtime/RequestHandler.ts:183:12)\n    at zr.request (/Users/nil09/Desktop/Lambda5/Event-Scheduler/node_modules/@prisma/client/src/runtime/RequestHandler.ts:152:12)\n    at process.processTicksAndRejections (node:internal/process/task_queues:105:5)\n    at async a (/Users/nil09/Desktop/Lambda5/Event-Scheduler/node_modules/@prisma/client/src/runtime/getPrismaClient.ts:963:24)\n    at async getUserById (/Users/nil09/Desktop/Lambda5/Event-Scheduler/src/repositories/user.repository.ts:12:17)\n    at async getEventTypePublic (/Users/nil09/Desktop/Lambda5/Event-Scheduler/src/services/event-types.service.ts:23:18)\n    at async getPublicEventType (/Users/nil09/Desktop/Lambda5/Event-Scheduler/src/controllers/event-type.controller.ts:52:22)"
-------------------
[2026-08-24T15:05:00.855Z] GET /api/public/users/4/event-types/mental-health
Payload: undefined
Error: 
Invalid `prisma.user.findUnique()` invocation in
/Users/nil09/Desktop/Lambda5/Event-Scheduler/src/repositories/user.repository.ts:12:35

   9 
  10 // find user by id
  11 export async function getUserById(id:number){
→ 12    const user = await prisma.user.findUnique({
          where: {
            id: "mental-health"
                ~~~~~~~~~~~~~~~
          }
        })

Argument `id`: Invalid value provided. Expected Int, provided String.
Details: "PrismaClientValidationError: \nInvalid `prisma.user.findUnique()` invocation in\n/Users/nil09/Desktop/Lambda5/Event-Scheduler/src/repositories/user.repository.ts:12:35\n\n   9 \n  10 // find user by id\n  11 export async function getUserById(id:number){\n→ 12    const user = await prisma.user.findUnique({\n          where: {\n            id: \"mental-health\"\n                ~~~~~~~~~~~~~~~\n          }\n        })\n\nArgument `id`: Invalid value provided. Expected Int, provided String.\n    at throwValidationException (/Users/nil09/Desktop/Lambda5/Event-Scheduler/node_modules/@prisma/client/src/runtime/core/errorRendering/throwValidationException.ts:46:9)\n    at zr.handleRequestError (/Users/nil09/Desktop/Lambda5/Event-Scheduler/node_modules/@prisma/client/src/runtime/RequestHandler.ts:211:7)\n    at zr.handleAndLogRequestError (/Users/nil09/Desktop/Lambda5/Event-Scheduler/node_modules/@prisma/client/src/runtime/RequestHandler.ts:183:12)\n    at zr.request (/Users/nil09/Desktop/Lambda5/Event-Scheduler/node_modules/@prisma/client/src/runtime/RequestHandler.ts:152:12)\n    at process.processTicksAndRejections (node:internal/process/task_queues:105:5)\n    at async a (/Users/nil09/Desktop/Lambda5/Event-Scheduler/node_modules/@prisma/client/src/runtime/getPrismaClient.ts:963:24)\n    at async getUserById (/Users/nil09/Desktop/Lambda5/Event-Scheduler/src/repositories/user.repository.ts:12:17)\n    at async getEventTypePublic (/Users/nil09/Desktop/Lambda5/Event-Scheduler/src/services/event-types.service.ts:23:18)\n    at async getPublicEventType (/Users/nil09/Desktop/Lambda5/Event-Scheduler/src/controllers/event-type.controller.ts:52:22)"
-------------------
[2026-08-24T15:05:00.963Z] GET /api/public/users/4/event-types/mental-health
Payload: undefined
Error: 
Invalid `prisma.user.findUnique()` invocation in
/Users/nil09/Desktop/Lambda5/Event-Scheduler/src/repositories/user.repository.ts:12:35

   9 
  10 // find user by id
  11 export async function getUserById(id:number){
→ 12    const user = await prisma.user.findUnique({
          where: {
            id: "mental-health"
                ~~~~~~~~~~~~~~~
          }
        })

Argument `id`: Invalid value provided. Expected Int, provided String.
Details: "PrismaClientValidationError: \nInvalid `prisma.user.findUnique()` invocation in\n/Users/nil09/Desktop/Lambda5/Event-Scheduler/src/repositories/user.repository.ts:12:35\n\n   9 \n  10 // find user by id\n  11 export async function getUserById(id:number){\n→ 12    const user = await prisma.user.findUnique({\n          where: {\n            id: \"mental-health\"\n                ~~~~~~~~~~~~~~~\n          }\n        })\n\nArgument `id`: Invalid value provided. Expected Int, provided String.\n    at throwValidationException (/Users/nil09/Desktop/Lambda5/Event-Scheduler/node_modules/@prisma/client/src/runtime/core/errorRendering/throwValidationException.ts:46:9)\n    at zr.handleRequestError (/Users/nil09/Desktop/Lambda5/Event-Scheduler/node_modules/@prisma/client/src/runtime/RequestHandler.ts:211:7)\n    at zr.handleAndLogRequestError (/Users/nil09/Desktop/Lambda5/Event-Scheduler/node_modules/@prisma/client/src/runtime/RequestHandler.ts:183:12)\n    at zr.request (/Users/nil09/Desktop/Lambda5/Event-Scheduler/node_modules/@prisma/client/src/runtime/RequestHandler.ts:152:12)\n    at process.processTicksAndRejections (node:internal/process/task_queues:105:5)\n    at async a (/Users/nil09/Desktop/Lambda5/Event-Scheduler/node_modules/@prisma/client/src/runtime/getPrismaClient.ts:963:24)\n    at async getUserById (/Users/nil09/Desktop/Lambda5/Event-Scheduler/src/repositories/user.repository.ts:12:17)\n    at async getEventTypePublic (/Users/nil09/Desktop/Lambda5/Event-Scheduler/src/services/event-types.service.ts:23:18)\n    at async getPublicEventType (/Users/nil09/Desktop/Lambda5/Event-Scheduler/src/controllers/event-type.controller.ts:52:22)"
-------------------
[2026-08-24T15:09:09.615Z] POST /api/availability/rules
Payload: {"dayOfWeek":1,"startTime":"09:00","endTime":"17:00"}
Error: Validation failed
Details: [{"expected":"number","code":"invalid_type","path":["weekday"],"message":"Invalid input: expected number, received undefined"}]
-------------------
[2026-08-24T15:09:10.675Z] POST /api/availability/rules
Payload: {"dayOfWeek":1,"startTime":"09:00","endTime":"17:00"}
Error: Validation failed
Details: [{"expected":"number","code":"invalid_type","path":["weekday"],"message":"Invalid input: expected number, received undefined"}]
-------------------
[2026-08-24T15:09:31.738Z] POST /api/availability/rules
Payload: {"dayOfWeek":1,"startTime":"10:00","endTime":"18:00"}
Error: Validation failed
Details: [{"expected":"number","code":"invalid_type","path":["weekday"],"message":"Invalid input: expected number, received undefined"}]
-------------------
[2026-08-24T15:09:32.168Z] POST /api/availability/rules
Payload: {"dayOfWeek":1,"startTime":"10:00","endTime":"18:00"}
Error: Validation failed
Details: [{"expected":"number","code":"invalid_type","path":["weekday"],"message":"Invalid input: expected number, received undefined"}]
-------------------
[2026-08-24T15:09:32.344Z] POST /api/availability/rules
Payload: {"dayOfWeek":1,"startTime":"10:00","endTime":"18:00"}
Error: Validation failed
Details: [{"expected":"number","code":"invalid_type","path":["weekday"],"message":"Invalid input: expected number, received undefined"}]
-------------------
[2026-08-24T15:09:32.677Z] POST /api/availability/rules
Payload: {"dayOfWeek":1,"startTime":"10:00","endTime":"18:00"}
Error: Validation failed
Details: [{"expected":"number","code":"invalid_type","path":["weekday"],"message":"Invalid input: expected number, received undefined"}]
-------------------
[2026-08-24T15:09:33.330Z] POST /api/availability/rules
Payload: {"dayOfWeek":1,"startTime":"10:00","endTime":"18:00"}
Error: Validation failed
Details: [{"expected":"number","code":"invalid_type","path":["weekday"],"message":"Invalid input: expected number, received undefined"}]
-------------------
[2026-08-24T15:09:33.488Z] POST /api/availability/rules
Payload: {"dayOfWeek":1,"startTime":"10:00","endTime":"18:00"}
Error: Validation failed
Details: [{"expected":"number","code":"invalid_type","path":["weekday"],"message":"Invalid input: expected number, received undefined"}]
-------------------
[2026-08-24T15:09:33.664Z] POST /api/availability/rules
Payload: {"dayOfWeek":1,"startTime":"10:00","endTime":"18:00"}
Error: Validation failed
Details: [{"expected":"number","code":"invalid_type","path":["weekday"],"message":"Invalid input: expected number, received undefined"}]
-------------------
[2026-08-24T15:09:33.824Z] POST /api/availability/rules
Payload: {"dayOfWeek":1,"startTime":"10:00","endTime":"18:00"}
Error: Validation failed
Details: [{"expected":"number","code":"invalid_type","path":["weekday"],"message":"Invalid input: expected number, received undefined"}]
-------------------
[2026-08-24T15:09:33.980Z] POST /api/availability/rules
Payload: {"dayOfWeek":1,"startTime":"10:00","endTime":"18:00"}
Error: Validation failed
Details: [{"expected":"number","code":"invalid_type","path":["weekday"],"message":"Invalid input: expected number, received undefined"}]
-------------------
[2026-08-24T15:09:34.126Z] POST /api/availability/rules
Payload: {"dayOfWeek":1,"startTime":"10:00","endTime":"18:00"}
Error: Validation failed
Details: [{"expected":"number","code":"invalid_type","path":["weekday"],"message":"Invalid input: expected number, received undefined"}]
-------------------
[2026-08-24T15:09:34.275Z] POST /api/availability/rules
Payload: {"dayOfWeek":1,"startTime":"10:00","endTime":"18:00"}
Error: Validation failed
Details: [{"expected":"number","code":"invalid_type","path":["weekday"],"message":"Invalid input: expected number, received undefined"}]
-------------------
[2026-08-24T15:09:34.447Z] POST /api/availability/rules
Payload: {"dayOfWeek":1,"startTime":"10:00","endTime":"18:00"}
Error: Validation failed
Details: [{"expected":"number","code":"invalid_type","path":["weekday"],"message":"Invalid input: expected number, received undefined"}]
-------------------
[2026-08-24T15:09:34.599Z] POST /api/availability/rules
Payload: {"dayOfWeek":1,"startTime":"10:00","endTime":"18:00"}
Error: Validation failed
Details: [{"expected":"number","code":"invalid_type","path":["weekday"],"message":"Invalid input: expected number, received undefined"}]
-------------------
[2026-08-24T15:09:34.771Z] POST /api/availability/rules
Payload: {"dayOfWeek":1,"startTime":"10:00","endTime":"18:00"}
Error: Validation failed
Details: [{"expected":"number","code":"invalid_type","path":["weekday"],"message":"Invalid input: expected number, received undefined"}]
-------------------
[2026-08-24T15:09:34.928Z] POST /api/availability/rules
Payload: {"dayOfWeek":1,"startTime":"10:00","endTime":"18:00"}
Error: Validation failed
Details: [{"expected":"number","code":"invalid_type","path":["weekday"],"message":"Invalid input: expected number, received undefined"}]
-------------------
[2026-08-24T15:09:35.093Z] POST /api/availability/rules
Payload: {"dayOfWeek":1,"startTime":"10:00","endTime":"18:00"}
Error: Validation failed
Details: [{"expected":"number","code":"invalid_type","path":["weekday"],"message":"Invalid input: expected number, received undefined"}]
-------------------
[2026-08-24T15:09:35.274Z] POST /api/availability/rules
Payload: {"dayOfWeek":1,"startTime":"10:00","endTime":"18:00"}
Error: Validation failed
Details: [{"expected":"number","code":"invalid_type","path":["weekday"],"message":"Invalid input: expected number, received undefined"}]
-------------------
[2026-08-24T15:09:35.451Z] POST /api/availability/rules
Payload: {"dayOfWeek":1,"startTime":"10:00","endTime":"18:00"}
Error: Validation failed
Details: [{"expected":"number","code":"invalid_type","path":["weekday"],"message":"Invalid input: expected number, received undefined"}]
-------------------
[2026-08-24T16:20:26.367Z] GET /api/availability/exceptions
Payload: undefined
Error: User not found.
Details: "ApiError: User not found.\n    at unauthorized (/Users/nil09/Desktop/Lambda5/Event-Scheduler/src/utils/api-error.ts:18:69)\n    at authenticate (/Users/nil09/Desktop/Lambda5/Event-Scheduler/src/middlewares/auth.ts:30:11)\n    at process.processTicksAndRejections (node:internal/process/task_queues:105:5)"
-------------------
[2026-08-24T16:20:26.376Z] GET /api/bookings
Payload: undefined
Error: User not found.
Details: "ApiError: User not found.\n    at unauthorized (/Users/nil09/Desktop/Lambda5/Event-Scheduler/src/utils/api-error.ts:18:69)\n    at authenticate (/Users/nil09/Desktop/Lambda5/Event-Scheduler/src/middlewares/auth.ts:30:11)\n    at process.processTicksAndRejections (node:internal/process/task_queues:105:5)"
-------------------
[2026-08-24T16:20:26.376Z] GET /api/availability/rules
Payload: undefined
Error: User not found.
Details: "ApiError: User not found.\n    at unauthorized (/Users/nil09/Desktop/Lambda5/Event-Scheduler/src/utils/api-error.ts:18:69)\n    at authenticate (/Users/nil09/Desktop/Lambda5/Event-Scheduler/src/middlewares/auth.ts:30:11)\n    at process.processTicksAndRejections (node:internal/process/task_queues:105:5)"
-------------------
[2026-08-24T16:20:26.380Z] GET /api/availability/exceptions
Payload: undefined
Error: User not found.
Details: "ApiError: User not found.\n    at unauthorized (/Users/nil09/Desktop/Lambda5/Event-Scheduler/src/utils/api-error.ts:18:69)\n    at authenticate (/Users/nil09/Desktop/Lambda5/Event-Scheduler/src/middlewares/auth.ts:30:11)\n    at process.processTicksAndRejections (node:internal/process/task_queues:105:5)"
-------------------
[2026-08-24T16:20:26.381Z] GET /api/bookings
Payload: undefined
Error: User not found.
Details: "ApiError: User not found.\n    at unauthorized (/Users/nil09/Desktop/Lambda5/Event-Scheduler/src/utils/api-error.ts:18:69)\n    at authenticate (/Users/nil09/Desktop/Lambda5/Event-Scheduler/src/middlewares/auth.ts:30:11)\n    at process.processTicksAndRejections (node:internal/process/task_queues:105:5)"
-------------------
[2026-08-24T16:20:26.382Z] GET /api/availability/rules
Payload: undefined
Error: User not found.
Details: "ApiError: User not found.\n    at unauthorized (/Users/nil09/Desktop/Lambda5/Event-Scheduler/src/utils/api-error.ts:18:69)\n    at authenticate (/Users/nil09/Desktop/Lambda5/Event-Scheduler/src/middlewares/auth.ts:30:11)\n    at process.processTicksAndRejections (node:internal/process/task_queues:105:5)"
-------------------
[2026-08-24T16:20:26.954Z] GET /api/bookings
Payload: undefined
Error: User not found.
Details: "ApiError: User not found.\n    at unauthorized (/Users/nil09/Desktop/Lambda5/Event-Scheduler/src/utils/api-error.ts:18:69)\n    at authenticate (/Users/nil09/Desktop/Lambda5/Event-Scheduler/src/middlewares/auth.ts:30:11)\n    at process.processTicksAndRejections (node:internal/process/task_queues:105:5)"
-------------------
[2026-08-24T16:20:26.956Z] GET /api/availability/rules
Payload: undefined
Error: User not found.
Details: "ApiError: User not found.\n    at unauthorized (/Users/nil09/Desktop/Lambda5/Event-Scheduler/src/utils/api-error.ts:18:69)\n    at authenticate (/Users/nil09/Desktop/Lambda5/Event-Scheduler/src/middlewares/auth.ts:30:11)\n    at process.processTicksAndRejections (node:internal/process/task_queues:105:5)"
-------------------
[2026-08-24T16:20:26.960Z] GET /api/bookings
Payload: undefined
Error: User not found.
Details: "ApiError: User not found.\n    at unauthorized (/Users/nil09/Desktop/Lambda5/Event-Scheduler/src/utils/api-error.ts:18:69)\n    at authenticate (/Users/nil09/Desktop/Lambda5/Event-Scheduler/src/middlewares/auth.ts:30:11)\n    at process.processTicksAndRejections (node:internal/process/task_queues:105:5)"
-------------------
[2026-08-24T16:20:26.961Z] GET /api/availability/exceptions
Payload: undefined
Error: User not found.
Details: "ApiError: User not found.\n    at unauthorized (/Users/nil09/Desktop/Lambda5/Event-Scheduler/src/utils/api-error.ts:18:69)\n    at authenticate (/Users/nil09/Desktop/Lambda5/Event-Scheduler/src/middlewares/auth.ts:30:11)\n    at process.processTicksAndRejections (node:internal/process/task_queues:105:5)"
-------------------
[2026-08-24T16:20:26.962Z] GET /api/availability/rules
Payload: undefined
Error: User not found.
Details: "ApiError: User not found.\n    at unauthorized (/Users/nil09/Desktop/Lambda5/Event-Scheduler/src/utils/api-error.ts:18:69)\n    at authenticate (/Users/nil09/Desktop/Lambda5/Event-Scheduler/src/middlewares/auth.ts:30:11)\n    at process.processTicksAndRejections (node:internal/process/task_queues:105:5)"
-------------------
[2026-08-24T16:20:26.966Z] GET /api/availability/exceptions
Payload: undefined
Error: User not found.
Details: "ApiError: User not found.\n    at unauthorized (/Users/nil09/Desktop/Lambda5/Event-Scheduler/src/utils/api-error.ts:18:69)\n    at authenticate (/Users/nil09/Desktop/Lambda5/Event-Scheduler/src/middlewares/auth.ts:30:11)\n    at process.processTicksAndRejections (node:internal/process/task_queues:105:5)"
-------------------
[2026-08-24T16:20:27.380Z] GET /api/bookings
Payload: undefined
Error: User not found.
Details: "ApiError: User not found.\n    at unauthorized (/Users/nil09/Desktop/Lambda5/Event-Scheduler/src/utils/api-error.ts:18:69)\n    at authenticate (/Users/nil09/Desktop/Lambda5/Event-Scheduler/src/middlewares/auth.ts:30:11)\n    at process.processTicksAndRejections (node:internal/process/task_queues:105:5)"
-------------------
[2026-08-24T16:20:27.381Z] GET /api/availability/rules
Payload: undefined
Error: User not found.
Details: "ApiError: User not found.\n    at unauthorized (/Users/nil09/Desktop/Lambda5/Event-Scheduler/src/utils/api-error.ts:18:69)\n    at authenticate (/Users/nil09/Desktop/Lambda5/Event-Scheduler/src/middlewares/auth.ts:30:11)\n    at process.processTicksAndRejections (node:internal/process/task_queues:105:5)"
-------------------
[2026-08-24T16:20:27.389Z] GET /api/availability/exceptions
Payload: undefined
Error: User not found.
Details: "ApiError: User not found.\n    at unauthorized (/Users/nil09/Desktop/Lambda5/Event-Scheduler/src/utils/api-error.ts:18:69)\n    at authenticate (/Users/nil09/Desktop/Lambda5/Event-Scheduler/src/middlewares/auth.ts:30:11)\n    at process.processTicksAndRejections (node:internal/process/task_queues:105:5)"
-------------------
[2026-08-24T16:20:27.394Z] GET /api/bookings
Payload: undefined
Error: User not found.
Details: "ApiError: User not found.\n    at unauthorized (/Users/nil09/Desktop/Lambda5/Event-Scheduler/src/utils/api-error.ts:18:69)\n    at authenticate (/Users/nil09/Desktop/Lambda5/Event-Scheduler/src/middlewares/auth.ts:30:11)\n    at process.processTicksAndRejections (node:internal/process/task_queues:105:5)"
-------------------
[2026-08-24T16:20:27.396Z] GET /api/availability/rules
Payload: undefined
Error: User not found.
Details: "ApiError: User not found.\n    at unauthorized (/Users/nil09/Desktop/Lambda5/Event-Scheduler/src/utils/api-error.ts:18:69)\n    at authenticate (/Users/nil09/Desktop/Lambda5/Event-Scheduler/src/middlewares/auth.ts:30:11)\n    at process.processTicksAndRejections (node:internal/process/task_queues:105:5)"
-------------------
[2026-08-24T16:20:27.399Z] GET /api/availability/exceptions
Payload: undefined
Error: User not found.
Details: "ApiError: User not found.\n    at unauthorized (/Users/nil09/Desktop/Lambda5/Event-Scheduler/src/utils/api-error.ts:18:69)\n    at authenticate (/Users/nil09/Desktop/Lambda5/Event-Scheduler/src/middlewares/auth.ts:30:11)\n    at process.processTicksAndRejections (node:internal/process/task_queues:105:5)"
-------------------
[2026-08-24T16:30:51.508Z] GET /api/bookings
Payload: undefined
Error: User not found.
Details: "ApiError: User not found.\n    at unauthorized (/Users/nil09/Desktop/Lambda5/Event-Scheduler/src/utils/api-error.ts:18:69)\n    at authenticate (/Users/nil09/Desktop/Lambda5/Event-Scheduler/src/middlewares/auth.ts:30:11)\n    at process.processTicksAndRejections (node:internal/process/task_queues:105:5)"
-------------------
[2026-08-24T16:30:51.518Z] GET /api/availability/rules
Payload: undefined
Error: User not found.
Details: "ApiError: User not found.\n    at unauthorized (/Users/nil09/Desktop/Lambda5/Event-Scheduler/src/utils/api-error.ts:18:69)\n    at authenticate (/Users/nil09/Desktop/Lambda5/Event-Scheduler/src/middlewares/auth.ts:30:11)\n    at process.processTicksAndRejections (node:internal/process/task_queues:105:5)"
-------------------
[2026-08-24T16:30:51.521Z] GET /api/availability/exceptions
Payload: undefined
Error: User not found.
Details: "ApiError: User not found.\n    at unauthorized (/Users/nil09/Desktop/Lambda5/Event-Scheduler/src/utils/api-error.ts:18:69)\n    at authenticate (/Users/nil09/Desktop/Lambda5/Event-Scheduler/src/middlewares/auth.ts:30:11)\n    at process.processTicksAndRejections (node:internal/process/task_queues:105:5)"
-------------------
[2026-08-24T16:30:51.526Z] GET /api/bookings
Payload: undefined
Error: User not found.
Details: "ApiError: User not found.\n    at unauthorized (/Users/nil09/Desktop/Lambda5/Event-Scheduler/src/utils/api-error.ts:18:69)\n    at authenticate (/Users/nil09/Desktop/Lambda5/Event-Scheduler/src/middlewares/auth.ts:30:11)\n    at process.processTicksAndRejections (node:internal/process/task_queues:105:5)"
-------------------
[2026-08-24T16:30:51.527Z] GET /api/availability/rules
Payload: undefined
Error: User not found.
Details: "ApiError: User not found.\n    at unauthorized (/Users/nil09/Desktop/Lambda5/Event-Scheduler/src/utils/api-error.ts:18:69)\n    at authenticate (/Users/nil09/Desktop/Lambda5/Event-Scheduler/src/middlewares/auth.ts:30:11)\n    at process.processTicksAndRejections (node:internal/process/task_queues:105:5)"
-------------------
[2026-08-24T16:30:51.528Z] GET /api/availability/exceptions
Payload: undefined
Error: User not found.
Details: "ApiError: User not found.\n    at unauthorized (/Users/nil09/Desktop/Lambda5/Event-Scheduler/src/utils/api-error.ts:18:69)\n    at authenticate (/Users/nil09/Desktop/Lambda5/Event-Scheduler/src/middlewares/auth.ts:30:11)\n    at process.processTicksAndRejections (node:internal/process/task_queues:105:5)"
-------------------
[2026-08-24T16:30:57.044Z] GET /api/bookings
Payload: undefined
Error: User not found.
Details: "ApiError: User not found.\n    at unauthorized (/Users/nil09/Desktop/Lambda5/Event-Scheduler/src/utils/api-error.ts:18:69)\n    at authenticate (/Users/nil09/Desktop/Lambda5/Event-Scheduler/src/middlewares/auth.ts:30:11)\n    at process.processTicksAndRejections (node:internal/process/task_queues:105:5)"
-------------------
[2026-08-24T16:30:57.046Z] GET /api/availability/rules
Payload: undefined
Error: User not found.
Details: "ApiError: User not found.\n    at unauthorized (/Users/nil09/Desktop/Lambda5/Event-Scheduler/src/utils/api-error.ts:18:69)\n    at authenticate (/Users/nil09/Desktop/Lambda5/Event-Scheduler/src/middlewares/auth.ts:30:11)\n    at process.processTicksAndRejections (node:internal/process/task_queues:105:5)"
-------------------
[2026-08-24T16:30:57.050Z] GET /api/availability/exceptions
Payload: undefined
Error: User not found.
Details: "ApiError: User not found.\n    at unauthorized (/Users/nil09/Desktop/Lambda5/Event-Scheduler/src/utils/api-error.ts:18:69)\n    at authenticate (/Users/nil09/Desktop/Lambda5/Event-Scheduler/src/middlewares/auth.ts:30:11)\n    at process.processTicksAndRejections (node:internal/process/task_queues:105:5)"
-------------------
[2026-08-24T16:30:57.067Z] GET /api/availability/rules
Payload: undefined
Error: User not found.
Details: "ApiError: User not found.\n    at unauthorized (/Users/nil09/Desktop/Lambda5/Event-Scheduler/src/utils/api-error.ts:18:69)\n    at authenticate (/Users/nil09/Desktop/Lambda5/Event-Scheduler/src/middlewares/auth.ts:30:11)\n    at process.processTicksAndRejections (node:internal/process/task_queues:105:5)"
-------------------
[2026-08-24T16:30:57.068Z] GET /api/bookings
Payload: undefined
Error: User not found.
Details: "ApiError: User not found.\n    at unauthorized (/Users/nil09/Desktop/Lambda5/Event-Scheduler/src/utils/api-error.ts:18:69)\n    at authenticate (/Users/nil09/Desktop/Lambda5/Event-Scheduler/src/middlewares/auth.ts:30:11)\n    at process.processTicksAndRejections (node:internal/process/task_queues:105:5)"
-------------------
[2026-08-24T16:30:57.070Z] GET /api/availability/exceptions
Payload: undefined
Error: User not found.
Details: "ApiError: User not found.\n    at unauthorized (/Users/nil09/Desktop/Lambda5/Event-Scheduler/src/utils/api-error.ts:18:69)\n    at authenticate (/Users/nil09/Desktop/Lambda5/Event-Scheduler/src/middlewares/auth.ts:30:11)\n    at process.processTicksAndRejections (node:internal/process/task_queues:105:5)"
-------------------
[2026-08-24T16:30:57.564Z] GET /api/bookings
Payload: undefined
Error: User not found.
Details: "ApiError: User not found.\n    at unauthorized (/Users/nil09/Desktop/Lambda5/Event-Scheduler/src/utils/api-error.ts:18:69)\n    at authenticate (/Users/nil09/Desktop/Lambda5/Event-Scheduler/src/middlewares/auth.ts:30:11)\n    at process.processTicksAndRejections (node:internal/process/task_queues:105:5)"
-------------------
[2026-08-24T16:30:57.566Z] GET /api/availability/rules
Payload: undefined
Error: User not found.
Details: "ApiError: User not found.\n    at unauthorized (/Users/nil09/Desktop/Lambda5/Event-Scheduler/src/utils/api-error.ts:18:69)\n    at authenticate (/Users/nil09/Desktop/Lambda5/Event-Scheduler/src/middlewares/auth.ts:30:11)\n    at process.processTicksAndRejections (node:internal/process/task_queues:105:5)"
-------------------
[2026-08-24T16:30:57.569Z] GET /api/availability/exceptions
Payload: undefined
Error: User not found.
Details: "ApiError: User not found.\n    at unauthorized (/Users/nil09/Desktop/Lambda5/Event-Scheduler/src/utils/api-error.ts:18:69)\n    at authenticate (/Users/nil09/Desktop/Lambda5/Event-Scheduler/src/middlewares/auth.ts:30:11)\n    at process.processTicksAndRejections (node:internal/process/task_queues:105:5)"
-------------------
[2026-08-24T16:30:57.573Z] GET /api/bookings
Payload: undefined
Error: User not found.
Details: "ApiError: User not found.\n    at unauthorized (/Users/nil09/Desktop/Lambda5/Event-Scheduler/src/utils/api-error.ts:18:69)\n    at authenticate (/Users/nil09/Desktop/Lambda5/Event-Scheduler/src/middlewares/auth.ts:30:11)\n    at process.processTicksAndRejections (node:internal/process/task_queues:105:5)"
-------------------
[2026-08-24T16:30:57.574Z] GET /api/availability/exceptions
Payload: undefined
Error: User not found.
Details: "ApiError: User not found.\n    at unauthorized (/Users/nil09/Desktop/Lambda5/Event-Scheduler/src/utils/api-error.ts:18:69)\n    at authenticate (/Users/nil09/Desktop/Lambda5/Event-Scheduler/src/middlewares/auth.ts:30:11)\n    at process.processTicksAndRejections (node:internal/process/task_queues:105:5)"
-------------------
[2026-08-24T16:30:57.575Z] GET /api/availability/rules
Payload: undefined
Error: User not found.
Details: "ApiError: User not found.\n    at unauthorized (/Users/nil09/Desktop/Lambda5/Event-Scheduler/src/utils/api-error.ts:18:69)\n    at authenticate (/Users/nil09/Desktop/Lambda5/Event-Scheduler/src/middlewares/auth.ts:30:11)\n    at process.processTicksAndRejections (node:internal/process/task_queues:105:5)"
-------------------
[2026-08-24T16:30:57.739Z] GET /api/bookings
Payload: undefined
Error: User not found.
Details: "ApiError: User not found.\n    at unauthorized (/Users/nil09/Desktop/Lambda5/Event-Scheduler/src/utils/api-error.ts:18:69)\n    at authenticate (/Users/nil09/Desktop/Lambda5/Event-Scheduler/src/middlewares/auth.ts:30:11)\n    at process.processTicksAndRejections (node:internal/process/task_queues:105:5)"
-------------------
[2026-08-24T16:30:57.740Z] GET /api/availability/rules
Payload: undefined
Error: User not found.
Details: "ApiError: User not found.\n    at unauthorized (/Users/nil09/Desktop/Lambda5/Event-Scheduler/src/utils/api-error.ts:18:69)\n    at authenticate (/Users/nil09/Desktop/Lambda5/Event-Scheduler/src/middlewares/auth.ts:30:11)\n    at process.processTicksAndRejections (node:internal/process/task_queues:105:5)"
-------------------
[2026-08-24T16:30:57.745Z] GET /api/availability/exceptions
Payload: undefined
Error: User not found.
Details: "ApiError: User not found.\n    at unauthorized (/Users/nil09/Desktop/Lambda5/Event-Scheduler/src/utils/api-error.ts:18:69)\n    at authenticate (/Users/nil09/Desktop/Lambda5/Event-Scheduler/src/middlewares/auth.ts:30:11)\n    at process.processTicksAndRejections (node:internal/process/task_queues:105:5)"
-------------------
[2026-08-24T16:30:57.747Z] GET /api/availability/rules
Payload: undefined
Error: User not found.
Details: "ApiError: User not found.\n    at unauthorized (/Users/nil09/Desktop/Lambda5/Event-Scheduler/src/utils/api-error.ts:18:69)\n    at authenticate (/Users/nil09/Desktop/Lambda5/Event-Scheduler/src/middlewares/auth.ts:30:11)\n    at process.processTicksAndRejections (node:internal/process/task_queues:105:5)"
-------------------
[2026-08-24T16:30:57.748Z] GET /api/bookings
Payload: undefined
Error: User not found.
Details: "ApiError: User not found.\n    at unauthorized (/Users/nil09/Desktop/Lambda5/Event-Scheduler/src/utils/api-error.ts:18:69)\n    at authenticate (/Users/nil09/Desktop/Lambda5/Event-Scheduler/src/middlewares/auth.ts:30:11)\n    at process.processTicksAndRejections (node:internal/process/task_queues:105:5)"
-------------------
[2026-08-24T16:30:57.749Z] GET /api/availability/exceptions
Payload: undefined
Error: User not found.
Details: "ApiError: User not found.\n    at unauthorized (/Users/nil09/Desktop/Lambda5/Event-Scheduler/src/utils/api-error.ts:18:69)\n    at authenticate (/Users/nil09/Desktop/Lambda5/Event-Scheduler/src/middlewares/auth.ts:30:11)\n    at process.processTicksAndRejections (node:internal/process/task_queues:105:5)"
-------------------
[2026-08-24T16:30:57.881Z] GET /api/availability/exceptions
Payload: undefined
Error: User not found.
Details: "ApiError: User not found.\n    at unauthorized (/Users/nil09/Desktop/Lambda5/Event-Scheduler/src/utils/api-error.ts:18:69)\n    at authenticate (/Users/nil09/Desktop/Lambda5/Event-Scheduler/src/middlewares/auth.ts:30:11)\n    at process.processTicksAndRejections (node:internal/process/task_queues:105:5)"
-------------------
[2026-08-24T16:30:57.882Z] GET /api/availability/rules
Payload: undefined
Error: User not found.
Details: "ApiError: User not found.\n    at unauthorized (/Users/nil09/Desktop/Lambda5/Event-Scheduler/src/utils/api-error.ts:18:69)\n    at authenticate (/Users/nil09/Desktop/Lambda5/Event-Scheduler/src/middlewares/auth.ts:30:11)\n    at process.processTicksAndRejections (node:internal/process/task_queues:105:5)"
-------------------
[2026-08-24T16:30:57.883Z] GET /api/bookings
Payload: undefined
Error: User not found.
Details: "ApiError: User not found.\n    at unauthorized (/Users/nil09/Desktop/Lambda5/Event-Scheduler/src/utils/api-error.ts:18:69)\n    at authenticate (/Users/nil09/Desktop/Lambda5/Event-Scheduler/src/middlewares/auth.ts:30:11)\n    at process.processTicksAndRejections (node:internal/process/task_queues:105:5)"
-------------------
[2026-08-24T16:30:57.887Z] GET /api/availability/exceptions
Payload: undefined
Error: User not found.
Details: "ApiError: User not found.\n    at unauthorized (/Users/nil09/Desktop/Lambda5/Event-Scheduler/src/utils/api-error.ts:18:69)\n    at authenticate (/Users/nil09/Desktop/Lambda5/Event-Scheduler/src/middlewares/auth.ts:30:11)\n    at process.processTicksAndRejections (node:internal/process/task_queues:105:5)"
-------------------
[2026-08-24T16:30:57.888Z] GET /api/availability/rules
Payload: undefined
Error: User not found.
Details: "ApiError: User not found.\n    at unauthorized (/Users/nil09/Desktop/Lambda5/Event-Scheduler/src/utils/api-error.ts:18:69)\n    at authenticate (/Users/nil09/Desktop/Lambda5/Event-Scheduler/src/middlewares/auth.ts:30:11)\n    at process.processTicksAndRejections (node:internal/process/task_queues:105:5)"
-------------------
[2026-08-24T16:30:57.889Z] GET /api/bookings
Payload: undefined
Error: User not found.
Details: "ApiError: User not found.\n    at unauthorized (/Users/nil09/Desktop/Lambda5/Event-Scheduler/src/utils/api-error.ts:18:69)\n    at authenticate (/Users/nil09/Desktop/Lambda5/Event-Scheduler/src/middlewares/auth.ts:30:11)\n    at process.processTicksAndRejections (node:internal/process/task_queues:105:5)"
-------------------
[2026-08-24T16:30:58.021Z] GET /api/bookings
Payload: undefined
Error: User not found.
Details: "ApiError: User not found.\n    at unauthorized (/Users/nil09/Desktop/Lambda5/Event-Scheduler/src/utils/api-error.ts:18:69)\n    at authenticate (/Users/nil09/Desktop/Lambda5/Event-Scheduler/src/middlewares/auth.ts:30:11)\n    at process.processTicksAndRejections (node:internal/process/task_queues:105:5)"
-------------------
[2026-08-24T16:30:58.025Z] GET /api/availability/exceptions
Payload: undefined
Error: User not found.
Details: "ApiError: User not found.\n    at unauthorized (/Users/nil09/Desktop/Lambda5/Event-Scheduler/src/utils/api-error.ts:18:69)\n    at authenticate (/Users/nil09/Desktop/Lambda5/Event-Scheduler/src/middlewares/auth.ts:30:11)\n    at process.processTicksAndRejections (node:internal/process/task_queues:105:5)"
-------------------
[2026-08-24T16:30:58.030Z] GET /api/bookings
Payload: undefined
Error: User not found.
Details: "ApiError: User not found.\n    at unauthorized (/Users/nil09/Desktop/Lambda5/Event-Scheduler/src/utils/api-error.ts:18:69)\n    at authenticate (/Users/nil09/Desktop/Lambda5/Event-Scheduler/src/middlewares/auth.ts:30:11)\n    at process.processTicksAndRejections (node:internal/process/task_queues:105:5)"
-------------------
[2026-08-24T16:30:58.031Z] GET /api/availability/rules
Payload: undefined
Error: User not found.
Details: "ApiError: User not found.\n    at unauthorized (/Users/nil09/Desktop/Lambda5/Event-Scheduler/src/utils/api-error.ts:18:69)\n    at authenticate (/Users/nil09/Desktop/Lambda5/Event-Scheduler/src/middlewares/auth.ts:30:11)\n    at process.processTicksAndRejections (node:internal/process/task_queues:105:5)"
-------------------
[2026-08-24T16:30:58.034Z] GET /api/availability/exceptions
Payload: undefined
Error: User not found.
Details: "ApiError: User not found.\n    at unauthorized (/Users/nil09/Desktop/Lambda5/Event-Scheduler/src/utils/api-error.ts:18:69)\n    at authenticate (/Users/nil09/Desktop/Lambda5/Event-Scheduler/src/middlewares/auth.ts:30:11)\n    at process.processTicksAndRejections (node:internal/process/task_queues:105:5)"
-------------------
[2026-08-24T16:30:58.038Z] GET /api/availability/rules
Payload: undefined
Error: User not found.
Details: "ApiError: User not found.\n    at unauthorized (/Users/nil09/Desktop/Lambda5/Event-Scheduler/src/utils/api-error.ts:18:69)\n    at authenticate (/Users/nil09/Desktop/Lambda5/Event-Scheduler/src/middlewares/auth.ts:30:11)\n    at process.processTicksAndRejections (node:internal/process/task_queues:105:5)"
-------------------
[2026-08-24T16:30:58.165Z] GET /api/bookings
Payload: undefined
Error: User not found.
Details: "ApiError: User not found.\n    at unauthorized (/Users/nil09/Desktop/Lambda5/Event-Scheduler/src/utils/api-error.ts:18:69)\n    at authenticate (/Users/nil09/Desktop/Lambda5/Event-Scheduler/src/middlewares/auth.ts:30:11)\n    at process.processTicksAndRejections (node:internal/process/task_queues:105:5)"
-------------------
[2026-08-24T16:30:58.167Z] GET /api/availability/rules
Payload: undefined
Error: User not found.
Details: "ApiError: User not found.\n    at unauthorized (/Users/nil09/Desktop/Lambda5/Event-Scheduler/src/utils/api-error.ts:18:69)\n    at authenticate (/Users/nil09/Desktop/Lambda5/Event-Scheduler/src/middlewares/auth.ts:30:11)\n    at process.processTicksAndRejections (node:internal/process/task_queues:105:5)"
-------------------
[2026-08-24T16:30:58.169Z] GET /api/availability/exceptions
Payload: undefined
Error: User not found.
Details: "ApiError: User not found.\n    at unauthorized (/Users/nil09/Desktop/Lambda5/Event-Scheduler/src/utils/api-error.ts:18:69)\n    at authenticate (/Users/nil09/Desktop/Lambda5/Event-Scheduler/src/middlewares/auth.ts:30:11)\n    at process.processTicksAndRejections (node:internal/process/task_queues:105:5)"
-------------------
[2026-08-24T16:30:58.172Z] GET /api/bookings
Payload: undefined
Error: User not found.
Details: "ApiError: User not found.\n    at unauthorized (/Users/nil09/Desktop/Lambda5/Event-Scheduler/src/utils/api-error.ts:18:69)\n    at authenticate (/Users/nil09/Desktop/Lambda5/Event-Scheduler/src/middlewares/auth.ts:30:11)\n    at process.processTicksAndRejections (node:internal/process/task_queues:105:5)"
-------------------
[2026-08-24T16:30:58.175Z] GET /api/availability/exceptions
Payload: undefined
Error: User not found.
Details: "ApiError: User not found.\n    at unauthorized (/Users/nil09/Desktop/Lambda5/Event-Scheduler/src/utils/api-error.ts:18:69)\n    at authenticate (/Users/nil09/Desktop/Lambda5/Event-Scheduler/src/middlewares/auth.ts:30:11)\n    at process.processTicksAndRejections (node:internal/process/task_queues:105:5)"
-------------------
[2026-08-24T16:30:58.177Z] GET /api/availability/rules
Payload: undefined
Error: User not found.
Details: "ApiError: User not found.\n    at unauthorized (/Users/nil09/Desktop/Lambda5/Event-Scheduler/src/utils/api-error.ts:18:69)\n    at authenticate (/Users/nil09/Desktop/Lambda5/Event-Scheduler/src/middlewares/auth.ts:30:11)\n    at process.processTicksAndRejections (node:internal/process/task_queues:105:5)"
-------------------
[2026-08-24T16:30:58.280Z] GET /api/availability/rules
Payload: undefined
Error: User not found.
Details: "ApiError: User not found.\n    at unauthorized (/Users/nil09/Desktop/Lambda5/Event-Scheduler/src/utils/api-error.ts:18:69)\n    at authenticate (/Users/nil09/Desktop/Lambda5/Event-Scheduler/src/middlewares/auth.ts:30:11)\n    at process.processTicksAndRejections (node:internal/process/task_queues:105:5)"
-------------------
[2026-08-24T16:30:58.281Z] GET /api/availability/exceptions
Payload: undefined
Error: User not found.
Details: "ApiError: User not found.\n    at unauthorized (/Users/nil09/Desktop/Lambda5/Event-Scheduler/src/utils/api-error.ts:18:69)\n    at authenticate (/Users/nil09/Desktop/Lambda5/Event-Scheduler/src/middlewares/auth.ts:30:11)\n    at process.processTicksAndRejections (node:internal/process/task_queues:105:5)"
-------------------
[2026-08-24T16:30:58.282Z] GET /api/bookings
Payload: undefined
Error: User not found.
Details: "ApiError: User not found.\n    at unauthorized (/Users/nil09/Desktop/Lambda5/Event-Scheduler/src/utils/api-error.ts:18:69)\n    at authenticate (/Users/nil09/Desktop/Lambda5/Event-Scheduler/src/middlewares/auth.ts:30:11)\n    at process.processTicksAndRejections (node:internal/process/task_queues:105:5)"
-------------------
[2026-08-24T16:30:58.290Z] GET /api/availability/exceptions
Payload: undefined
Error: User not found.
Details: "ApiError: User not found.\n    at unauthorized (/Users/nil09/Desktop/Lambda5/Event-Scheduler/src/utils/api-error.ts:18:69)\n    at authenticate (/Users/nil09/Desktop/Lambda5/Event-Scheduler/src/middlewares/auth.ts:30:11)\n    at process.processTicksAndRejections (node:internal/process/task_queues:105:5)"
-------------------
[2026-08-24T16:30:58.291Z] GET /api/bookings
Payload: undefined
Error: User not found.
Details: "ApiError: User not found.\n    at unauthorized (/Users/nil09/Desktop/Lambda5/Event-Scheduler/src/utils/api-error.ts:18:69)\n    at authenticate (/Users/nil09/Desktop/Lambda5/Event-Scheduler/src/middlewares/auth.ts:30:11)\n    at process.processTicksAndRejections (node:internal/process/task_queues:105:5)"
-------------------
[2026-08-24T16:30:58.291Z] GET /api/availability/rules
Payload: undefined
Error: User not found.
Details: "ApiError: User not found.\n    at unauthorized (/Users/nil09/Desktop/Lambda5/Event-Scheduler/src/utils/api-error.ts:18:69)\n    at authenticate (/Users/nil09/Desktop/Lambda5/Event-Scheduler/src/middlewares/auth.ts:30:11)\n    at process.processTicksAndRejections (node:internal/process/task_queues:105:5)"
-------------------
[2026-08-24T16:30:58.440Z] GET /api/availability/rules
Payload: undefined
Error: User not found.
Details: "ApiError: User not found.\n    at unauthorized (/Users/nil09/Desktop/Lambda5/Event-Scheduler/src/utils/api-error.ts:18:69)\n    at authenticate (/Users/nil09/Desktop/Lambda5/Event-Scheduler/src/middlewares/auth.ts:30:11)\n    at process.processTicksAndRejections (node:internal/process/task_queues:105:5)"
-------------------
[2026-08-24T16:30:58.441Z] GET /api/availability/exceptions
Payload: undefined
Error: User not found.
Details: "ApiError: User not found.\n    at unauthorized (/Users/nil09/Desktop/Lambda5/Event-Scheduler/src/utils/api-error.ts:18:69)\n    at authenticate (/Users/nil09/Desktop/Lambda5/Event-Scheduler/src/middlewares/auth.ts:30:11)\n    at process.processTicksAndRejections (node:internal/process/task_queues:105:5)"
-------------------
[2026-08-24T16:30:58.442Z] GET /api/bookings
Payload: undefined
Error: User not found.
Details: "ApiError: User not found.\n    at unauthorized (/Users/nil09/Desktop/Lambda5/Event-Scheduler/src/utils/api-error.ts:18:69)\n    at authenticate (/Users/nil09/Desktop/Lambda5/Event-Scheduler/src/middlewares/auth.ts:30:11)\n    at process.processTicksAndRejections (node:internal/process/task_queues:105:5)"
-------------------
[2026-08-24T16:30:58.446Z] GET /api/availability/rules
Payload: undefined
Error: User not found.
Details: "ApiError: User not found.\n    at unauthorized (/Users/nil09/Desktop/Lambda5/Event-Scheduler/src/utils/api-error.ts:18:69)\n    at authenticate (/Users/nil09/Desktop/Lambda5/Event-Scheduler/src/middlewares/auth.ts:30:11)\n    at process.processTicksAndRejections (node:internal/process/task_queues:105:5)"
-------------------
[2026-08-24T16:30:58.447Z] GET /api/availability/exceptions
Payload: undefined
Error: User not found.
Details: "ApiError: User not found.\n    at unauthorized (/Users/nil09/Desktop/Lambda5/Event-Scheduler/src/utils/api-error.ts:18:69)\n    at authenticate (/Users/nil09/Desktop/Lambda5/Event-Scheduler/src/middlewares/auth.ts:30:11)\n    at process.processTicksAndRejections (node:internal/process/task_queues:105:5)"
-------------------
[2026-08-24T16:30:58.448Z] GET /api/bookings
Payload: undefined
Error: User not found.
Details: "ApiError: User not found.\n    at unauthorized (/Users/nil09/Desktop/Lambda5/Event-Scheduler/src/utils/api-error.ts:18:69)\n    at authenticate (/Users/nil09/Desktop/Lambda5/Event-Scheduler/src/middlewares/auth.ts:30:11)\n    at process.processTicksAndRejections (node:internal/process/task_queues:105:5)"
-------------------
[2026-08-24T16:38:50.529Z] GET /api/public/users/4/event-types/mental-health
Payload: undefined
Error: Event type not found or inactive
Details: "ApiError: Event type not found or inactive\n    at notFound (/Users/nil09/Desktop/Lambda5/Event-Scheduler/src/utils/api-error.ts:16:65)\n    at getEventTypePublic (/Users/nil09/Desktop/Lambda5/Event-Scheduler/src/services/event-types.service.ts:100:15)\n    at process.processTicksAndRejections (node:internal/process/task_queues:105:5)\n    at async getPublicEventType (/Users/nil09/Desktop/Lambda5/Event-Scheduler/src/controllers/event-type.controller.ts:69:22)"
-------------------
[2026-08-24T16:38:50.543Z] GET /api/public/users/4/event-types/mental-health
Payload: undefined
Error: Event type not found or inactive
Details: "ApiError: Event type not found or inactive\n    at notFound (/Users/nil09/Desktop/Lambda5/Event-Scheduler/src/utils/api-error.ts:16:65)\n    at getEventTypePublic (/Users/nil09/Desktop/Lambda5/Event-Scheduler/src/services/event-types.service.ts:100:15)\n    at process.processTicksAndRejections (node:internal/process/task_queues:105:5)\n    at async getPublicEventType (/Users/nil09/Desktop/Lambda5/Event-Scheduler/src/controllers/event-type.controller.ts:69:22)"
-------------------
[2026-08-24T16:38:53.223Z] GET /api/public/users/4/event-types/mental-health
Payload: undefined
Error: Event type not found or inactive
Details: "ApiError: Event type not found or inactive\n    at notFound (/Users/nil09/Desktop/Lambda5/Event-Scheduler/src/utils/api-error.ts:16:65)\n    at getEventTypePublic (/Users/nil09/Desktop/Lambda5/Event-Scheduler/src/services/event-types.service.ts:100:15)\n    at process.processTicksAndRejections (node:internal/process/task_queues:105:5)\n    at async getPublicEventType (/Users/nil09/Desktop/Lambda5/Event-Scheduler/src/controllers/event-type.controller.ts:69:22)"
-------------------
[2026-08-24T16:38:53.231Z] GET /api/public/users/4/event-types/mental-health
Payload: undefined
Error: Event type not found or inactive
Details: "ApiError: Event type not found or inactive\n    at notFound (/Users/nil09/Desktop/Lambda5/Event-Scheduler/src/utils/api-error.ts:16:65)\n    at getEventTypePublic (/Users/nil09/Desktop/Lambda5/Event-Scheduler/src/services/event-types.service.ts:100:15)\n    at process.processTicksAndRejections (node:internal/process/task_queues:105:5)\n    at async getPublicEventType (/Users/nil09/Desktop/Lambda5/Event-Scheduler/src/controllers/event-type.controller.ts:69:22)"
-------------------
[2026-08-24T16:38:53.741Z] GET /api/public/users/4/event-types/mental-health
Payload: undefined
Error: Event type not found or inactive
Details: "ApiError: Event type not found or inactive\n    at notFound (/Users/nil09/Desktop/Lambda5/Event-Scheduler/src/utils/api-error.ts:16:65)\n    at getEventTypePublic (/Users/nil09/Desktop/Lambda5/Event-Scheduler/src/services/event-types.service.ts:100:15)\n    at process.processTicksAndRejections (node:internal/process/task_queues:105:5)\n    at async getPublicEventType (/Users/nil09/Desktop/Lambda5/Event-Scheduler/src/controllers/event-type.controller.ts:69:22)"
-------------------
[2026-08-24T16:38:53.746Z] GET /api/public/users/4/event-types/mental-health
Payload: undefined
Error: Event type not found or inactive
Details: "ApiError: Event type not found or inactive\n    at notFound (/Users/nil09/Desktop/Lambda5/Event-Scheduler/src/utils/api-error.ts:16:65)\n    at getEventTypePublic (/Users/nil09/Desktop/Lambda5/Event-Scheduler/src/services/event-types.service.ts:100:15)\n    at process.processTicksAndRejections (node:internal/process/task_queues:105:5)\n    at async getPublicEventType (/Users/nil09/Desktop/Lambda5/Event-Scheduler/src/controllers/event-type.controller.ts:69:22)"
-------------------
[2026-08-24T16:38:54.089Z] GET /api/public/users/4/event-types/mental-health
Payload: undefined
Error: Event type not found or inactive
Details: "ApiError: Event type not found or inactive\n    at notFound (/Users/nil09/Desktop/Lambda5/Event-Scheduler/src/utils/api-error.ts:16:65)\n    at getEventTypePublic (/Users/nil09/Desktop/Lambda5/Event-Scheduler/src/services/event-types.service.ts:100:15)\n    at process.processTicksAndRejections (node:internal/process/task_queues:105:5)\n    at async getPublicEventType (/Users/nil09/Desktop/Lambda5/Event-Scheduler/src/controllers/event-type.controller.ts:69:22)"
-------------------
[2026-08-24T16:38:54.096Z] GET /api/public/users/4/event-types/mental-health
Payload: undefined
Error: Event type not found or inactive
Details: "ApiError: Event type not found or inactive\n    at notFound (/Users/nil09/Desktop/Lambda5/Event-Scheduler/src/utils/api-error.ts:16:65)\n    at getEventTypePublic (/Users/nil09/Desktop/Lambda5/Event-Scheduler/src/services/event-types.service.ts:100:15)\n    at process.processTicksAndRejections (node:internal/process/task_queues:105:5)\n    at async getPublicEventType (/Users/nil09/Desktop/Lambda5/Event-Scheduler/src/controllers/event-type.controller.ts:69:22)"
-------------------
[2026-08-24T16:38:54.436Z] GET /api/public/users/4/event-types/mental-health
Payload: undefined
Error: Event type not found or inactive
Details: "ApiError: Event type not found or inactive\n    at notFound (/Users/nil09/Desktop/Lambda5/Event-Scheduler/src/utils/api-error.ts:16:65)\n    at getEventTypePublic (/Users/nil09/Desktop/Lambda5/Event-Scheduler/src/services/event-types.service.ts:100:15)\n    at process.processTicksAndRejections (node:internal/process/task_queues:105:5)\n    at async getPublicEventType (/Users/nil09/Desktop/Lambda5/Event-Scheduler/src/controllers/event-type.controller.ts:69:22)"
-------------------
[2026-08-24T16:38:54.441Z] GET /api/public/users/4/event-types/mental-health
Payload: undefined
Error: Event type not found or inactive
Details: "ApiError: Event type not found or inactive\n    at notFound (/Users/nil09/Desktop/Lambda5/Event-Scheduler/src/utils/api-error.ts:16:65)\n    at getEventTypePublic (/Users/nil09/Desktop/Lambda5/Event-Scheduler/src/services/event-types.service.ts:100:15)\n    at process.processTicksAndRejections (node:internal/process/task_queues:105:5)\n    at async getPublicEventType (/Users/nil09/Desktop/Lambda5/Event-Scheduler/src/controllers/event-type.controller.ts:69:22)"
-------------------
[2026-09-01T05:02:18.984Z] GET /api/public/users/3/event-types/adasasda-sdada
Payload: undefined
Error: User not found
Details: "ApiError: User not found\n    at notFound (/Users/nil09/Desktop/Lambda5/Event-Scheduler/src/utils/api-error.ts:16:65)\n    at getEventTypePublic (/Users/nil09/Desktop/Lambda5/Event-Scheduler/src/services/event-types.service.ts:95:15)\n    at process.processTicksAndRejections (node:internal/process/task_queues:105:5)\n    at async getPublicEventType (/Users/nil09/Desktop/Lambda5/Event-Scheduler/src/controllers/event-type.controller.ts:69:22)"
-------------------
[2026-09-01T05:02:18.993Z] GET /api/public/users/3/event-types/adasasda-sdada
Payload: undefined
Error: User not found
Details: "ApiError: User not found\n    at notFound (/Users/nil09/Desktop/Lambda5/Event-Scheduler/src/utils/api-error.ts:16:65)\n    at getEventTypePublic (/Users/nil09/Desktop/Lambda5/Event-Scheduler/src/services/event-types.service.ts:95:15)\n    at process.processTicksAndRejections (node:internal/process/task_queues:105:5)\n    at async getPublicEventType (/Users/nil09/Desktop/Lambda5/Event-Scheduler/src/controllers/event-type.controller.ts:69:22)"
-------------------
[2026-09-01T05:02:42.700Z] GET /api/public/users/3/event-types/adasasda-sdada
Payload: undefined
Error: User not found
Details: "ApiError: User not found\n    at notFound (/Users/nil09/Desktop/Lambda5/Event-Scheduler/src/utils/api-error.ts:16:65)\n    at getEventTypePublic (/Users/nil09/Desktop/Lambda5/Event-Scheduler/src/services/event-types.service.ts:95:15)\n    at process.processTicksAndRejections (node:internal/process/task_queues:105:5)\n    at async getPublicEventType (/Users/nil09/Desktop/Lambda5/Event-Scheduler/src/controllers/event-type.controller.ts:69:22)"
-------------------
[2026-09-01T05:02:42.706Z] GET /api/public/users/3/event-types/adasasda-sdada
Payload: undefined
Error: User not found
Details: "ApiError: User not found\n    at notFound (/Users/nil09/Desktop/Lambda5/Event-Scheduler/src/utils/api-error.ts:16:65)\n    at getEventTypePublic (/Users/nil09/Desktop/Lambda5/Event-Scheduler/src/services/event-types.service.ts:95:15)\n    at process.processTicksAndRejections (node:internal/process/task_queues:105:5)\n    at async getPublicEventType (/Users/nil09/Desktop/Lambda5/Event-Scheduler/src/controllers/event-type.controller.ts:69:22)"
-------------------
[2026-09-01T05:02:43.349Z] GET /api/public/users/3/event-types/adasasda-sdada
Payload: undefined
Error: User not found
Details: "ApiError: User not found\n    at notFound (/Users/nil09/Desktop/Lambda5/Event-Scheduler/src/utils/api-error.ts:16:65)\n    at getEventTypePublic (/Users/nil09/Desktop/Lambda5/Event-Scheduler/src/services/event-types.service.ts:95:15)\n    at process.processTicksAndRejections (node:internal/process/task_queues:105:5)\n    at async getPublicEventType (/Users/nil09/Desktop/Lambda5/Event-Scheduler/src/controllers/event-type.controller.ts:69:22)"
-------------------
[2026-09-01T05:02:43.352Z] GET /api/public/users/3/event-types/adasasda-sdada
Payload: undefined
Error: User not found
Details: "ApiError: User not found\n    at notFound (/Users/nil09/Desktop/Lambda5/Event-Scheduler/src/utils/api-error.ts:16:65)\n    at getEventTypePublic (/Users/nil09/Desktop/Lambda5/Event-Scheduler/src/services/event-types.service.ts:95:15)\n    at process.processTicksAndRejections (node:internal/process/task_queues:105:5)\n    at async getPublicEventType (/Users/nil09/Desktop/Lambda5/Event-Scheduler/src/controllers/event-type.controller.ts:69:22)"
-------------------
[2026-09-01T05:02:44.055Z] GET /api/users/3
Payload: undefined
Error: User not found
Details: "ApiError: User not found\n    at notFound (/Users/nil09/Desktop/Lambda5/Event-Scheduler/src/utils/api-error.ts:16:65)\n    at getUserByIdService (/Users/nil09/Desktop/Lambda5/Event-Scheduler/src/services/users.service.ts:18:16)\n    at process.processTicksAndRejections (node:internal/process/task_queues:105:5)\n    at async getUserById (/Users/nil09/Desktop/Lambda5/Event-Scheduler/src/controllers/user.controller.ts:13:22)"
-------------------
[2026-09-01T05:02:44.066Z] GET /api/users/3
Payload: undefined
Error: User not found
Details: "ApiError: User not found\n    at notFound (/Users/nil09/Desktop/Lambda5/Event-Scheduler/src/utils/api-error.ts:16:65)\n    at getUserByIdService (/Users/nil09/Desktop/Lambda5/Event-Scheduler/src/services/users.service.ts:18:16)\n    at process.processTicksAndRejections (node:internal/process/task_queues:105:5)\n    at async getUserById (/Users/nil09/Desktop/Lambda5/Event-Scheduler/src/controllers/user.controller.ts:13:22)"
-------------------
[2026-09-01T05:06:13.146Z] GET /api/availability/rules
Payload: undefined
Error: User not found.
Details: "ApiError: User not found.\n    at unauthorized (/Users/nil09/Desktop/Lambda5/Event-Scheduler/src/utils/api-error.ts:18:69)\n    at authenticate (/Users/nil09/Desktop/Lambda5/Event-Scheduler/src/middlewares/auth.ts:30:11)\n    at process.processTicksAndRejections (node:internal/process/task_queues:105:5)"
-------------------
[2026-09-01T05:06:13.154Z] GET /api/availability/exceptions
Payload: undefined
Error: User not found.
Details: "ApiError: User not found.\n    at unauthorized (/Users/nil09/Desktop/Lambda5/Event-Scheduler/src/utils/api-error.ts:18:69)\n    at authenticate (/Users/nil09/Desktop/Lambda5/Event-Scheduler/src/middlewares/auth.ts:30:11)\n    at process.processTicksAndRejections (node:internal/process/task_queues:105:5)"
-------------------
[2026-09-01T05:06:13.156Z] GET /api/bookings
Payload: undefined
Error: User not found.
Details: "ApiError: User not found.\n    at unauthorized (/Users/nil09/Desktop/Lambda5/Event-Scheduler/src/utils/api-error.ts:18:69)\n    at authenticate (/Users/nil09/Desktop/Lambda5/Event-Scheduler/src/middlewares/auth.ts:30:11)\n    at process.processTicksAndRejections (node:internal/process/task_queues:105:5)"
-------------------
[2026-09-01T05:06:13.174Z] GET /api/availability/exceptions
Payload: undefined
Error: User not found.
Details: "ApiError: User not found.\n    at unauthorized (/Users/nil09/Desktop/Lambda5/Event-Scheduler/src/utils/api-error.ts:18:69)\n    at authenticate (/Users/nil09/Desktop/Lambda5/Event-Scheduler/src/middlewares/auth.ts:30:11)\n    at process.processTicksAndRejections (node:internal/process/task_queues:105:5)"
-------------------
[2026-09-01T05:06:13.175Z] GET /api/availability/rules
Payload: undefined
Error: User not found.
Details: "ApiError: User not found.\n    at unauthorized (/Users/nil09/Desktop/Lambda5/Event-Scheduler/src/utils/api-error.ts:18:69)\n    at authenticate (/Users/nil09/Desktop/Lambda5/Event-Scheduler/src/middlewares/auth.ts:30:11)\n    at process.processTicksAndRejections (node:internal/process/task_queues:105:5)"
-------------------
[2026-09-01T05:06:13.187Z] GET /api/bookings
Payload: undefined
Error: User not found.
Details: "ApiError: User not found.\n    at unauthorized (/Users/nil09/Desktop/Lambda5/Event-Scheduler/src/utils/api-error.ts:18:69)\n    at authenticate (/Users/nil09/Desktop/Lambda5/Event-Scheduler/src/middlewares/auth.ts:30:11)\n    at process.processTicksAndRejections (node:internal/process/task_queues:105:5)"
-------------------
[2026-09-01T05:09:59.189Z] GET /api/public/users/3/event-types/resume-review
Payload: undefined
Error: User not found
Details: "ApiError: User not found\n    at notFound (/Users/nil09/Desktop/Lambda5/Event-Scheduler/src/utils/api-error.ts:16:65)\n    at getEventTypePublic (/Users/nil09/Desktop/Lambda5/Event-Scheduler/src/services/event-types.service.ts:95:15)\n    at process.processTicksAndRejections (node:internal/process/task_queues:105:5)\n    at async getPublicEventType (/Users/nil09/Desktop/Lambda5/Event-Scheduler/src/controllers/event-type.controller.ts:69:22)"
-------------------
[2026-09-01T05:09:59.204Z] GET /api/public/users/3/event-types/resume-review
Payload: undefined
Error: User not found
Details: "ApiError: User not found\n    at notFound (/Users/nil09/Desktop/Lambda5/Event-Scheduler/src/utils/api-error.ts:16:65)\n    at getEventTypePublic (/Users/nil09/Desktop/Lambda5/Event-Scheduler/src/services/event-types.service.ts:95:15)\n    at process.processTicksAndRejections (node:internal/process/task_queues:105:5)\n    at async getPublicEventType (/Users/nil09/Desktop/Lambda5/Event-Scheduler/src/controllers/event-type.controller.ts:69:22)"
-------------------
[2026-09-01T06:34:22.873Z] DELETE /api/event-types/5
Payload: undefined
Error: Event not found
Details: "ApiError: Event not found\n    at notFound (/Users/nil09/Desktop/Lambda5/Event-Scheduler/src/utils/api-error.ts:16:65)\n    at deleteEventTypeService (/Users/nil09/Desktop/Lambda5/Event-Scheduler/src/services/event-types.service.ts:239:15)\n    at process.processTicksAndRejections (node:internal/process/task_queues:105:5)\n    at async deleteEventType (/Users/nil09/Desktop/Lambda5/Event-Scheduler/src/controllers/event-type.controller.ts:58:22)"
-------------------
[2026-09-01T06:34:26.222Z] DELETE /api/event-types/5
Payload: undefined
Error: Event not found
Details: "ApiError: Event not found\n    at notFound (/Users/nil09/Desktop/Lambda5/Event-Scheduler/src/utils/api-error.ts:16:65)\n    at deleteEventTypeService (/Users/nil09/Desktop/Lambda5/Event-Scheduler/src/services/event-types.service.ts:239:15)\n    at process.processTicksAndRejections (node:internal/process/task_queues:105:5)\n    at async deleteEventType (/Users/nil09/Desktop/Lambda5/Event-Scheduler/src/controllers/event-type.controller.ts:58:22)"
-------------------
[2026-09-01T06:34:52.415Z] GET /api/public/users/1/event-types/depression-therapy
Payload: undefined
Error: Event type not found or inactive
Details: "ApiError: Event type not found or inactive\n    at notFound (/Users/nil09/Desktop/Lambda5/Event-Scheduler/src/utils/api-error.ts:16:65)\n    at getEventTypePublic (/Users/nil09/Desktop/Lambda5/Event-Scheduler/src/services/event-types.service.ts:101:15)\n    at process.processTicksAndRejections (node:internal/process/task_queues:105:5)\n    at async getPublicEventType (/Users/nil09/Desktop/Lambda5/Event-Scheduler/src/controllers/event-type.controller.ts:69:22)"
-------------------
[2026-09-01T06:34:52.421Z] GET /api/public/users/1/event-types/depression-therapy
Payload: undefined
Error: Event type not found or inactive
Details: "ApiError: Event type not found or inactive\n    at notFound (/Users/nil09/Desktop/Lambda5/Event-Scheduler/src/utils/api-error.ts:16:65)\n    at getEventTypePublic (/Users/nil09/Desktop/Lambda5/Event-Scheduler/src/services/event-types.service.ts:101:15)\n    at process.processTicksAndRejections (node:internal/process/task_queues:105:5)\n    at async getPublicEventType (/Users/nil09/Desktop/Lambda5/Event-Scheduler/src/controllers/event-type.controller.ts:69:22)"
-------------------
[2026-09-01T06:36:51.845Z] GET /api/public/users/1/event-types/resume-review
Payload: undefined
Error: Event type not found or inactive
Details: "ApiError: Event type not found or inactive\n    at notFound (/Users/nil09/Desktop/Lambda5/Event-Scheduler/src/utils/api-error.ts:16:65)\n    at getEventTypePublic (/Users/nil09/Desktop/Lambda5/Event-Scheduler/src/services/event-types.service.ts:101:15)\n    at process.processTicksAndRejections (node:internal/process/task_queues:105:5)\n    at async getPublicEventType (/Users/nil09/Desktop/Lambda5/Event-Scheduler/src/controllers/event-type.controller.ts:69:22)"
-------------------
[2026-09-01T06:36:51.850Z] GET /api/public/users/1/event-types/resume-review
Payload: undefined
Error: Event type not found or inactive
Details: "ApiError: Event type not found or inactive\n    at notFound (/Users/nil09/Desktop/Lambda5/Event-Scheduler/src/utils/api-error.ts:16:65)\n    at getEventTypePublic (/Users/nil09/Desktop/Lambda5/Event-Scheduler/src/services/event-types.service.ts:101:15)\n    at process.processTicksAndRejections (node:internal/process/task_queues:105:5)\n    at async getPublicEventType (/Users/nil09/Desktop/Lambda5/Event-Scheduler/src/controllers/event-type.controller.ts:69:22)"
-------------------
[2026-09-01T17:53:19.863Z] GET /api/users
Payload: undefined
Error: 
Invalid `prisma.user.findMany()` invocation in
/Users/nil09/Desktop/Lambda5/Event-Scheduler/src/repositories/user.repository.ts:6:35

  3 
  4 // find all users
  5 export async function getAllUsers(){
→ 6    const user = await prisma.user.findMany(
The column `users.passwordHash` does not exist in the current database.
Details: "PrismaClientKnownRequestError: \nInvalid `prisma.user.findMany()` invocation in\n/Users/nil09/Desktop/Lambda5/Event-Scheduler/src/repositories/user.repository.ts:6:35\n\n  3 \n  4 // find all users\n  5 export async function getAllUsers(){\n→ 6    const user = await prisma.user.findMany(\nThe column `users.passwordHash` does not exist in the current database.\n    at zr.handleRequestError (/Users/nil09/Desktop/Lambda5/Event-Scheduler/node_modules/@prisma/client/src/runtime/RequestHandler.ts:237:13)\n    at zr.handleAndLogRequestError (/Users/nil09/Desktop/Lambda5/Event-Scheduler/node_modules/@prisma/client/src/runtime/RequestHandler.ts:183:12)\n    at zr.request (/Users/nil09/Desktop/Lambda5/Event-Scheduler/node_modules/@prisma/client/src/runtime/RequestHandler.ts:152:12)\n    at process.processTicksAndRejections (node:internal/process/task_queues:105:5)\n    at async a (/Users/nil09/Desktop/Lambda5/Event-Scheduler/node_modules/@prisma/client/src/runtime/getPrismaClient.ts:963:24)\n    at async getAllUsers (/Users/nil09/Desktop/Lambda5/Event-Scheduler/src/repositories/user.repository.ts:6:17)\n    at async getAllUsersService (/Users/nil09/Desktop/Lambda5/Event-Scheduler/src/services/users.service.ts:9:17)\n    at async getAllUsers (/Users/nil09/Desktop/Lambda5/Event-Scheduler/src/controllers/user.controller.ts:7:22)"
-------------------
[2026-09-01T17:53:19.907Z] GET /api/users
Payload: undefined
Error: 
Invalid `prisma.user.findMany()` invocation in
/Users/nil09/Desktop/Lambda5/Event-Scheduler/src/repositories/user.repository.ts:6:35

  3 
  4 // find all users
  5 export async function getAllUsers(){
→ 6    const user = await prisma.user.findMany(
The column `users.passwordHash` does not exist in the current database.
Details: "PrismaClientKnownRequestError: \nInvalid `prisma.user.findMany()` invocation in\n/Users/nil09/Desktop/Lambda5/Event-Scheduler/src/repositories/user.repository.ts:6:35\n\n  3 \n  4 // find all users\n  5 export async function getAllUsers(){\n→ 6    const user = await prisma.user.findMany(\nThe column `users.passwordHash` does not exist in the current database.\n    at zr.handleRequestError (/Users/nil09/Desktop/Lambda5/Event-Scheduler/node_modules/@prisma/client/src/runtime/RequestHandler.ts:237:13)\n    at zr.handleAndLogRequestError (/Users/nil09/Desktop/Lambda5/Event-Scheduler/node_modules/@prisma/client/src/runtime/RequestHandler.ts:183:12)\n    at zr.request (/Users/nil09/Desktop/Lambda5/Event-Scheduler/node_modules/@prisma/client/src/runtime/RequestHandler.ts:152:12)\n    at process.processTicksAndRejections (node:internal/process/task_queues:105:5)\n    at async a (/Users/nil09/Desktop/Lambda5/Event-Scheduler/node_modules/@prisma/client/src/runtime/getPrismaClient.ts:963:24)\n    at async getAllUsers (/Users/nil09/Desktop/Lambda5/Event-Scheduler/src/repositories/user.repository.ts:6:17)\n    at async getAllUsersService (/Users/nil09/Desktop/Lambda5/Event-Scheduler/src/services/users.service.ts:9:17)\n    at async getAllUsers (/Users/nil09/Desktop/Lambda5/Event-Scheduler/src/controllers/user.controller.ts:7:22)"
-------------------
[2026-09-01T17:53:19.933Z] GET /api/users
Payload: undefined
Error: 
Invalid `prisma.user.findMany()` invocation in
/Users/nil09/Desktop/Lambda5/Event-Scheduler/src/repositories/user.repository.ts:6:35

  3 
  4 // find all users
  5 export async function getAllUsers(){
→ 6    const user = await prisma.user.findMany(
The column `users.passwordHash` does not exist in the current database.
Details: "PrismaClientKnownRequestError: \nInvalid `prisma.user.findMany()` invocation in\n/Users/nil09/Desktop/Lambda5/Event-Scheduler/src/repositories/user.repository.ts:6:35\n\n  3 \n  4 // find all users\n  5 export async function getAllUsers(){\n→ 6    const user = await prisma.user.findMany(\nThe column `users.passwordHash` does not exist in the current database.\n    at zr.handleRequestError (/Users/nil09/Desktop/Lambda5/Event-Scheduler/node_modules/@prisma/client/src/runtime/RequestHandler.ts:237:13)\n    at zr.handleAndLogRequestError (/Users/nil09/Desktop/Lambda5/Event-Scheduler/node_modules/@prisma/client/src/runtime/RequestHandler.ts:183:12)\n    at zr.request (/Users/nil09/Desktop/Lambda5/Event-Scheduler/node_modules/@prisma/client/src/runtime/RequestHandler.ts:152:12)\n    at process.processTicksAndRejections (node:internal/process/task_queues:105:5)\n    at async a (/Users/nil09/Desktop/Lambda5/Event-Scheduler/node_modules/@prisma/client/src/runtime/getPrismaClient.ts:963:24)\n    at async getAllUsers (/Users/nil09/Desktop/Lambda5/Event-Scheduler/src/repositories/user.repository.ts:6:17)\n    at async getAllUsersService (/Users/nil09/Desktop/Lambda5/Event-Scheduler/src/services/users.service.ts:9:17)\n    at async getAllUsers (/Users/nil09/Desktop/Lambda5/Event-Scheduler/src/controllers/user.controller.ts:7:22)"
-------------------
[2026-09-01T17:53:19.981Z] GET /api/users
Payload: undefined
Error: 
Invalid `prisma.user.findMany()` invocation in
/Users/nil09/Desktop/Lambda5/Event-Scheduler/src/repositories/user.repository.ts:6:35

  3 
  4 // find all users
  5 export async function getAllUsers(){
→ 6    const user = await prisma.user.findMany(
The column `users.passwordHash` does not exist in the current database.
Details: "PrismaClientKnownRequestError: \nInvalid `prisma.user.findMany()` invocation in\n/Users/nil09/Desktop/Lambda5/Event-Scheduler/src/repositories/user.repository.ts:6:35\n\n  3 \n  4 // find all users\n  5 export async function getAllUsers(){\n→ 6    const user = await prisma.user.findMany(\nThe column `users.passwordHash` does not exist in the current database.\n    at zr.handleRequestError (/Users/nil09/Desktop/Lambda5/Event-Scheduler/node_modules/@prisma/client/src/runtime/RequestHandler.ts:237:13)\n    at zr.handleAndLogRequestError (/Users/nil09/Desktop/Lambda5/Event-Scheduler/node_modules/@prisma/client/src/runtime/RequestHandler.ts:183:12)\n    at zr.request (/Users/nil09/Desktop/Lambda5/Event-Scheduler/node_modules/@prisma/client/src/runtime/RequestHandler.ts:152:12)\n    at process.processTicksAndRejections (node:internal/process/task_queues:105:5)\n    at async a (/Users/nil09/Desktop/Lambda5/Event-Scheduler/node_modules/@prisma/client/src/runtime/getPrismaClient.ts:963:24)\n    at async getAllUsers (/Users/nil09/Desktop/Lambda5/Event-Scheduler/src/repositories/user.repository.ts:6:17)\n    at async getAllUsersService (/Users/nil09/Desktop/Lambda5/Event-Scheduler/src/services/users.service.ts:9:17)\n    at async getAllUsers (/Users/nil09/Desktop/Lambda5/Event-Scheduler/src/controllers/user.controller.ts:7:22)"
-------------------
[2026-09-01T17:53:22.385Z] GET /api/users
Payload: undefined
Error: 
Invalid `prisma.user.findMany()` invocation in
/Users/nil09/Desktop/Lambda5/Event-Scheduler/src/repositories/user.repository.ts:6:35

  3 
  4 // find all users
  5 export async function getAllUsers(){
→ 6    const user = await prisma.user.findMany(
The column `users.passwordHash` does not exist in the current database.
Details: "PrismaClientKnownRequestError: \nInvalid `prisma.user.findMany()` invocation in\n/Users/nil09/Desktop/Lambda5/Event-Scheduler/src/repositories/user.repository.ts:6:35\n\n  3 \n  4 // find all users\n  5 export async function getAllUsers(){\n→ 6    const user = await prisma.user.findMany(\nThe column `users.passwordHash` does not exist in the current database.\n    at zr.handleRequestError (/Users/nil09/Desktop/Lambda5/Event-Scheduler/node_modules/@prisma/client/src/runtime/RequestHandler.ts:237:13)\n    at zr.handleAndLogRequestError (/Users/nil09/Desktop/Lambda5/Event-Scheduler/node_modules/@prisma/client/src/runtime/RequestHandler.ts:183:12)\n    at zr.request (/Users/nil09/Desktop/Lambda5/Event-Scheduler/node_modules/@prisma/client/src/runtime/RequestHandler.ts:152:12)\n    at process.processTicksAndRejections (node:internal/process/task_queues:105:5)\n    at async a (/Users/nil09/Desktop/Lambda5/Event-Scheduler/node_modules/@prisma/client/src/runtime/getPrismaClient.ts:963:24)\n    at async getAllUsers (/Users/nil09/Desktop/Lambda5/Event-Scheduler/src/repositories/user.repository.ts:6:17)\n    at async getAllUsersService (/Users/nil09/Desktop/Lambda5/Event-Scheduler/src/services/users.service.ts:9:17)\n    at async getAllUsers (/Users/nil09/Desktop/Lambda5/Event-Scheduler/src/controllers/user.controller.ts:7:22)"
-------------------
[2026-09-01T17:53:22.430Z] GET /api/users
Payload: undefined
Error: 
Invalid `prisma.user.findMany()` invocation in
/Users/nil09/Desktop/Lambda5/Event-Scheduler/src/repositories/user.repository.ts:6:35

  3 
  4 // find all users
  5 export async function getAllUsers(){
→ 6    const user = await prisma.user.findMany(
The column `users.passwordHash` does not exist in the current database.
Details: "PrismaClientKnownRequestError: \nInvalid `prisma.user.findMany()` invocation in\n/Users/nil09/Desktop/Lambda5/Event-Scheduler/src/repositories/user.repository.ts:6:35\n\n  3 \n  4 // find all users\n  5 export async function getAllUsers(){\n→ 6    const user = await prisma.user.findMany(\nThe column `users.passwordHash` does not exist in the current database.\n    at zr.handleRequestError (/Users/nil09/Desktop/Lambda5/Event-Scheduler/node_modules/@prisma/client/src/runtime/RequestHandler.ts:237:13)\n    at zr.handleAndLogRequestError (/Users/nil09/Desktop/Lambda5/Event-Scheduler/node_modules/@prisma/client/src/runtime/RequestHandler.ts:183:12)\n    at zr.request (/Users/nil09/Desktop/Lambda5/Event-Scheduler/node_modules/@prisma/client/src/runtime/RequestHandler.ts:152:12)\n    at process.processTicksAndRejections (node:internal/process/task_queues:105:5)\n    at async a (/Users/nil09/Desktop/Lambda5/Event-Scheduler/node_modules/@prisma/client/src/runtime/getPrismaClient.ts:963:24)\n    at async getAllUsers (/Users/nil09/Desktop/Lambda5/Event-Scheduler/src/repositories/user.repository.ts:6:17)\n    at async getAllUsersService (/Users/nil09/Desktop/Lambda5/Event-Scheduler/src/services/users.service.ts:9:17)\n    at async getAllUsers (/Users/nil09/Desktop/Lambda5/Event-Scheduler/src/controllers/user.controller.ts:7:22)"
-------------------
[2026-09-01T17:53:22.448Z] GET /api/users
Payload: undefined
Error: 
Invalid `prisma.user.findMany()` invocation in
/Users/nil09/Desktop/Lambda5/Event-Scheduler/src/repositories/user.repository.ts:6:35

  3 
  4 // find all users
  5 export async function getAllUsers(){
→ 6    const user = await prisma.user.findMany(
The column `users.passwordHash` does not exist in the current database.
Details: "PrismaClientKnownRequestError: \nInvalid `prisma.user.findMany()` invocation in\n/Users/nil09/Desktop/Lambda5/Event-Scheduler/src/repositories/user.repository.ts:6:35\n\n  3 \n  4 // find all users\n  5 export async function getAllUsers(){\n→ 6    const user = await prisma.user.findMany(\nThe column `users.passwordHash` does not exist in the current database.\n    at zr.handleRequestError (/Users/nil09/Desktop/Lambda5/Event-Scheduler/node_modules/@prisma/client/src/runtime/RequestHandler.ts:237:13)\n    at zr.handleAndLogRequestError (/Users/nil09/Desktop/Lambda5/Event-Scheduler/node_modules/@prisma/client/src/runtime/RequestHandler.ts:183:12)\n    at zr.request (/Users/nil09/Desktop/Lambda5/Event-Scheduler/node_modules/@prisma/client/src/runtime/RequestHandler.ts:152:12)\n    at process.processTicksAndRejections (node:internal/process/task_queues:105:5)\n    at async a (/Users/nil09/Desktop/Lambda5/Event-Scheduler/node_modules/@prisma/client/src/runtime/getPrismaClient.ts:963:24)\n    at async getAllUsers (/Users/nil09/Desktop/Lambda5/Event-Scheduler/src/repositories/user.repository.ts:6:17)\n    at async getAllUsersService (/Users/nil09/Desktop/Lambda5/Event-Scheduler/src/services/users.service.ts:9:17)\n    at async getAllUsers (/Users/nil09/Desktop/Lambda5/Event-Scheduler/src/controllers/user.controller.ts:7:22)"
-------------------
[2026-09-01T17:53:22.471Z] GET /api/users
Payload: undefined
Error: 
Invalid `prisma.user.findMany()` invocation in
/Users/nil09/Desktop/Lambda5/Event-Scheduler/src/repositories/user.repository.ts:6:35

  3 
  4 // find all users
  5 export async function getAllUsers(){
→ 6    const user = await prisma.user.findMany(
The column `users.passwordHash` does not exist in the current database.
Details: "PrismaClientKnownRequestError: \nInvalid `prisma.user.findMany()` invocation in\n/Users/nil09/Desktop/Lambda5/Event-Scheduler/src/repositories/user.repository.ts:6:35\n\n  3 \n  4 // find all users\n  5 export async function getAllUsers(){\n→ 6    const user = await prisma.user.findMany(\nThe column `users.passwordHash` does not exist in the current database.\n    at zr.handleRequestError (/Users/nil09/Desktop/Lambda5/Event-Scheduler/node_modules/@prisma/client/src/runtime/RequestHandler.ts:237:13)\n    at zr.handleAndLogRequestError (/Users/nil09/Desktop/Lambda5/Event-Scheduler/node_modules/@prisma/client/src/runtime/RequestHandler.ts:183:12)\n    at zr.request (/Users/nil09/Desktop/Lambda5/Event-Scheduler/node_modules/@prisma/client/src/runtime/RequestHandler.ts:152:12)\n    at process.processTicksAndRejections (node:internal/process/task_queues:105:5)\n    at async a (/Users/nil09/Desktop/Lambda5/Event-Scheduler/node_modules/@prisma/client/src/runtime/getPrismaClient.ts:963:24)\n    at async getAllUsers (/Users/nil09/Desktop/Lambda5/Event-Scheduler/src/repositories/user.repository.ts:6:17)\n    at async getAllUsersService (/Users/nil09/Desktop/Lambda5/Event-Scheduler/src/services/users.service.ts:9:17)\n    at async getAllUsers (/Users/nil09/Desktop/Lambda5/Event-Scheduler/src/controllers/user.controller.ts:7:22)"
-------------------
[2026-09-01T17:54:01.172Z] POST /api/auth/signup
Payload: {"name":"Nilkamal ","email":"niilkamal0624@gmail.com","password":"@Nilkamal09."}
Error: 
Invalid `prisma.user.findUnique()` invocation in
/Users/nil09/Desktop/Lambda5/Event-Scheduler/src/repositories/auth.repository.ts:4:28

  1 import { prisma } from "../config/database.js";
  2 
  3 export async function findUserByEmail(email: string) {
→ 4   return await prisma.user.findUnique(
The column `users.passwordHash` does not exist in the current database.
Details: "PrismaClientKnownRequestError: \nInvalid `prisma.user.findUnique()` invocation in\n/Users/nil09/Desktop/Lambda5/Event-Scheduler/src/repositories/auth.repository.ts:4:28\n\n  1 import { prisma } from \"../config/database.js\";\n  2 \n  3 export async function findUserByEmail(email: string) {\n→ 4   return await prisma.user.findUnique(\nThe column `users.passwordHash` does not exist in the current database.\n    at zr.handleRequestError (/Users/nil09/Desktop/Lambda5/Event-Scheduler/node_modules/@prisma/client/src/runtime/RequestHandler.ts:237:13)\n    at zr.handleAndLogRequestError (/Users/nil09/Desktop/Lambda5/Event-Scheduler/node_modules/@prisma/client/src/runtime/RequestHandler.ts:183:12)\n    at zr.request (/Users/nil09/Desktop/Lambda5/Event-Scheduler/node_modules/@prisma/client/src/runtime/RequestHandler.ts:152:12)\n    at process.processTicksAndRejections (node:internal/process/task_queues:105:5)\n    at async a (/Users/nil09/Desktop/Lambda5/Event-Scheduler/node_modules/@prisma/client/src/runtime/getPrismaClient.ts:963:24)\n    at async findUserByEmail (/Users/nil09/Desktop/Lambda5/Event-Scheduler/src/repositories/auth.repository.ts:4:10)\n    at async signupHostService (/Users/nil09/Desktop/Lambda5/Event-Scheduler/src/services/auth.service.ts:23:24)\n    at async signupController (/Users/nil09/Desktop/Lambda5/Event-Scheduler/src/controllers/auth.controller.ts:13:20)"
-------------------
[2026-09-01T17:54:03.598Z] POST /api/auth/signup
Payload: {"name":"Nilkamal ","email":"niilkamal0624@gmail.com","password":"@Nilkamal09."}
Error: 
Invalid `prisma.user.findUnique()` invocation in
/Users/nil09/Desktop/Lambda5/Event-Scheduler/src/repositories/auth.repository.ts:4:28

  1 import { prisma } from "../config/database.js";
  2 
  3 export async function findUserByEmail(email: string) {
→ 4   return await prisma.user.findUnique(
The column `users.passwordHash` does not exist in the current database.
Details: "PrismaClientKnownRequestError: \nInvalid `prisma.user.findUnique()` invocation in\n/Users/nil09/Desktop/Lambda5/Event-Scheduler/src/repositories/auth.repository.ts:4:28\n\n  1 import { prisma } from \"../config/database.js\";\n  2 \n  3 export async function findUserByEmail(email: string) {\n→ 4   return await prisma.user.findUnique(\nThe column `users.passwordHash` does not exist in the current database.\n    at zr.handleRequestError (/Users/nil09/Desktop/Lambda5/Event-Scheduler/node_modules/@prisma/client/src/runtime/RequestHandler.ts:237:13)\n    at zr.handleAndLogRequestError (/Users/nil09/Desktop/Lambda5/Event-Scheduler/node_modules/@prisma/client/src/runtime/RequestHandler.ts:183:12)\n    at zr.request (/Users/nil09/Desktop/Lambda5/Event-Scheduler/node_modules/@prisma/client/src/runtime/RequestHandler.ts:152:12)\n    at process.processTicksAndRejections (node:internal/process/task_queues:105:5)\n    at async a (/Users/nil09/Desktop/Lambda5/Event-Scheduler/node_modules/@prisma/client/src/runtime/getPrismaClient.ts:963:24)\n    at async findUserByEmail (/Users/nil09/Desktop/Lambda5/Event-Scheduler/src/repositories/auth.repository.ts:4:10)\n    at async signupHostService (/Users/nil09/Desktop/Lambda5/Event-Scheduler/src/services/auth.service.ts:23:24)\n    at async signupController (/Users/nil09/Desktop/Lambda5/Event-Scheduler/src/controllers/auth.controller.ts:13:20)"
-------------------
[2026-09-01T17:54:04.289Z] POST /api/auth/signup
Payload: {"name":"Nilkamal ","email":"niilkamal0624@gmail.com","password":"@Nilkamal09."}
Error: 
Invalid `prisma.user.findUnique()` invocation in
/Users/nil09/Desktop/Lambda5/Event-Scheduler/src/repositories/auth.repository.ts:4:28

  1 import { prisma } from "../config/database.js";
  2 
  3 export async function findUserByEmail(email: string) {
→ 4   return await prisma.user.findUnique(
The column `users.passwordHash` does not exist in the current database.
Details: "PrismaClientKnownRequestError: \nInvalid `prisma.user.findUnique()` invocation in\n/Users/nil09/Desktop/Lambda5/Event-Scheduler/src/repositories/auth.repository.ts:4:28\n\n  1 import { prisma } from \"../config/database.js\";\n  2 \n  3 export async function findUserByEmail(email: string) {\n→ 4   return await prisma.user.findUnique(\nThe column `users.passwordHash` does not exist in the current database.\n    at zr.handleRequestError (/Users/nil09/Desktop/Lambda5/Event-Scheduler/node_modules/@prisma/client/src/runtime/RequestHandler.ts:237:13)\n    at zr.handleAndLogRequestError (/Users/nil09/Desktop/Lambda5/Event-Scheduler/node_modules/@prisma/client/src/runtime/RequestHandler.ts:183:12)\n    at zr.request (/Users/nil09/Desktop/Lambda5/Event-Scheduler/node_modules/@prisma/client/src/runtime/RequestHandler.ts:152:12)\n    at process.processTicksAndRejections (node:internal/process/task_queues:105:5)\n    at async a (/Users/nil09/Desktop/Lambda5/Event-Scheduler/node_modules/@prisma/client/src/runtime/getPrismaClient.ts:963:24)\n    at async findUserByEmail (/Users/nil09/Desktop/Lambda5/Event-Scheduler/src/repositories/auth.repository.ts:4:10)\n    at async signupHostService (/Users/nil09/Desktop/Lambda5/Event-Scheduler/src/services/auth.service.ts:23:24)\n    at async signupController (/Users/nil09/Desktop/Lambda5/Event-Scheduler/src/controllers/auth.controller.ts:13:20)"
-------------------
[2026-09-01T17:54:04.808Z] POST /api/auth/signup
Payload: {"name":"Nilkamal ","email":"niilkamal0624@gmail.com","password":"@Nilkamal09."}
Error: 
Invalid `prisma.user.findUnique()` invocation in
/Users/nil09/Desktop/Lambda5/Event-Scheduler/src/repositories/auth.repository.ts:4:28

  1 import { prisma } from "../config/database.js";
  2 
  3 export async function findUserByEmail(email: string) {
→ 4   return await prisma.user.findUnique(
The column `users.passwordHash` does not exist in the current database.
Details: "PrismaClientKnownRequestError: \nInvalid `prisma.user.findUnique()` invocation in\n/Users/nil09/Desktop/Lambda5/Event-Scheduler/src/repositories/auth.repository.ts:4:28\n\n  1 import { prisma } from \"../config/database.js\";\n  2 \n  3 export async function findUserByEmail(email: string) {\n→ 4   return await prisma.user.findUnique(\nThe column `users.passwordHash` does not exist in the current database.\n    at zr.handleRequestError (/Users/nil09/Desktop/Lambda5/Event-Scheduler/node_modules/@prisma/client/src/runtime/RequestHandler.ts:237:13)\n    at zr.handleAndLogRequestError (/Users/nil09/Desktop/Lambda5/Event-Scheduler/node_modules/@prisma/client/src/runtime/RequestHandler.ts:183:12)\n    at zr.request (/Users/nil09/Desktop/Lambda5/Event-Scheduler/node_modules/@prisma/client/src/runtime/RequestHandler.ts:152:12)\n    at process.processTicksAndRejections (node:internal/process/task_queues:105:5)\n    at async a (/Users/nil09/Desktop/Lambda5/Event-Scheduler/node_modules/@prisma/client/src/runtime/getPrismaClient.ts:963:24)\n    at async findUserByEmail (/Users/nil09/Desktop/Lambda5/Event-Scheduler/src/repositories/auth.repository.ts:4:10)\n    at async signupHostService (/Users/nil09/Desktop/Lambda5/Event-Scheduler/src/services/auth.service.ts:23:24)\n    at async signupController (/Users/nil09/Desktop/Lambda5/Event-Scheduler/src/controllers/auth.controller.ts:13:20)"
-------------------
[2026-09-01T17:58:17.080Z] POST /api/event-types
Payload: {"title":"resume review","description":"","locationType":"online","durationMin":30,"isActive":true,"slug":"resume-review"}
Error: An event type with this URL slug already exists. Please use a different title or slug.
Details: "ApiError: An event type with this URL slug already exists. Please use a different title or slug.\n    at conflict (/Users/nil09/Desktop/Lambda5/Event-Scheduler/src/utils/api-error.ts:20:65)\n    at createEventTypeService (/Users/nil09/Desktop/Lambda5/Event-Scheduler/src/services/event-types.service.ts:189:19)\n    at process.processTicksAndRejections (node:internal/process/task_queues:105:5)\n    at async createEventType (/Users/nil09/Desktop/Lambda5/Event-Scheduler/src/controllers/event-type.controller.ts:36:22)"
-------------------
[2026-09-01T17:58:23.131Z] POST /api/event-types
Payload: {"title":"resume review","description":"","locationType":"online","durationMin":30,"isActive":true,"slug":"resume-review"}
Error: An event type with this URL slug already exists. Please use a different title or slug.
Details: "ApiError: An event type with this URL slug already exists. Please use a different title or slug.\n    at conflict (/Users/nil09/Desktop/Lambda5/Event-Scheduler/src/utils/api-error.ts:20:65)\n    at createEventTypeService (/Users/nil09/Desktop/Lambda5/Event-Scheduler/src/services/event-types.service.ts:189:19)\n    at process.processTicksAndRejections (node:internal/process/task_queues:105:5)\n    at async createEventType (/Users/nil09/Desktop/Lambda5/Event-Scheduler/src/controllers/event-type.controller.ts:36:22)"
-------------------
[2026-09-01T17:58:23.682Z] POST /api/event-types
Payload: {"title":"resume review","description":"","locationType":"online","durationMin":30,"isActive":true,"slug":"resume-review"}
Error: An event type with this URL slug already exists. Please use a different title or slug.
Details: "ApiError: An event type with this URL slug already exists. Please use a different title or slug.\n    at conflict (/Users/nil09/Desktop/Lambda5/Event-Scheduler/src/utils/api-error.ts:20:65)\n    at createEventTypeService (/Users/nil09/Desktop/Lambda5/Event-Scheduler/src/services/event-types.service.ts:189:19)\n    at process.processTicksAndRejections (node:internal/process/task_queues:105:5)\n    at async createEventType (/Users/nil09/Desktop/Lambda5/Event-Scheduler/src/controllers/event-type.controller.ts:36:22)"
-------------------
[2026-09-01T17:58:24.194Z] POST /api/event-types
Payload: {"title":"resume review","description":"","locationType":"online","durationMin":30,"isActive":true,"slug":"resume-review"}
Error: An event type with this URL slug already exists. Please use a different title or slug.
Details: "ApiError: An event type with this URL slug already exists. Please use a different title or slug.\n    at conflict (/Users/nil09/Desktop/Lambda5/Event-Scheduler/src/utils/api-error.ts:20:65)\n    at createEventTypeService (/Users/nil09/Desktop/Lambda5/Event-Scheduler/src/services/event-types.service.ts:189:19)\n    at process.processTicksAndRejections (node:internal/process/task_queues:105:5)\n    at async createEventType (/Users/nil09/Desktop/Lambda5/Event-Scheduler/src/controllers/event-type.controller.ts:36:22)"
-------------------
[2026-09-01T17:58:24.575Z] POST /api/event-types
Payload: {"title":"resume review","description":"","locationType":"online","durationMin":30,"isActive":true,"slug":"resume-review"}
Error: An event type with this URL slug already exists. Please use a different title or slug.
Details: "ApiError: An event type with this URL slug already exists. Please use a different title or slug.\n    at conflict (/Users/nil09/Desktop/Lambda5/Event-Scheduler/src/utils/api-error.ts:20:65)\n    at createEventTypeService (/Users/nil09/Desktop/Lambda5/Event-Scheduler/src/services/event-types.service.ts:189:19)\n    at process.processTicksAndRejections (node:internal/process/task_queues:105:5)\n    at async createEventType (/Users/nil09/Desktop/Lambda5/Event-Scheduler/src/controllers/event-type.controller.ts:36:22)"
-------------------
[2026-09-01T17:58:25.244Z] POST /api/event-types
Payload: {"title":"resume review","description":"","locationType":"online","durationMin":30,"isActive":true,"slug":"resume-review"}
Error: An event type with this URL slug already exists. Please use a different title or slug.
Details: "ApiError: An event type with this URL slug already exists. Please use a different title or slug.\n    at conflict (/Users/nil09/Desktop/Lambda5/Event-Scheduler/src/utils/api-error.ts:20:65)\n    at createEventTypeService (/Users/nil09/Desktop/Lambda5/Event-Scheduler/src/services/event-types.service.ts:189:19)\n    at process.processTicksAndRejections (node:internal/process/task_queues:105:5)\n    at async createEventType (/Users/nil09/Desktop/Lambda5/Event-Scheduler/src/controllers/event-type.controller.ts:36:22)"
-------------------
[2026-09-01T17:58:25.660Z] POST /api/event-types
Payload: {"title":"resume review","description":"","locationType":"online","durationMin":30,"isActive":true,"slug":"resume-review"}
Error: An event type with this URL slug already exists. Please use a different title or slug.
Details: "ApiError: An event type with this URL slug already exists. Please use a different title or slug.\n    at conflict (/Users/nil09/Desktop/Lambda5/Event-Scheduler/src/utils/api-error.ts:20:65)\n    at createEventTypeService (/Users/nil09/Desktop/Lambda5/Event-Scheduler/src/services/event-types.service.ts:189:19)\n    at process.processTicksAndRejections (node:internal/process/task_queues:105:5)\n    at async createEventType (/Users/nil09/Desktop/Lambda5/Event-Scheduler/src/controllers/event-type.controller.ts:36:22)"
-------------------
[2026-09-01T17:58:26.091Z] POST /api/event-types
Payload: {"title":"resume review","description":"","locationType":"online","durationMin":30,"isActive":true,"slug":"resume-review"}
Error: An event type with this URL slug already exists. Please use a different title or slug.
Details: "ApiError: An event type with this URL slug already exists. Please use a different title or slug.\n    at conflict (/Users/nil09/Desktop/Lambda5/Event-Scheduler/src/utils/api-error.ts:20:65)\n    at createEventTypeService (/Users/nil09/Desktop/Lambda5/Event-Scheduler/src/services/event-types.service.ts:189:19)\n    at process.processTicksAndRejections (node:internal/process/task_queues:105:5)\n    at async createEventType (/Users/nil09/Desktop/Lambda5/Event-Scheduler/src/controllers/event-type.controller.ts:36:22)"
-------------------
[2026-09-01T17:58:26.476Z] POST /api/event-types
Payload: {"title":"resume review","description":"","locationType":"online","durationMin":30,"isActive":true,"slug":"resume-review"}
Error: An event type with this URL slug already exists. Please use a different title or slug.
Details: "ApiError: An event type with this URL slug already exists. Please use a different title or slug.\n    at conflict (/Users/nil09/Desktop/Lambda5/Event-Scheduler/src/utils/api-error.ts:20:65)\n    at createEventTypeService (/Users/nil09/Desktop/Lambda5/Event-Scheduler/src/services/event-types.service.ts:189:19)\n    at process.processTicksAndRejections (node:internal/process/task_queues:105:5)\n    at async createEventType (/Users/nil09/Desktop/Lambda5/Event-Scheduler/src/controllers/event-type.controller.ts:36:22)"
-------------------
[2026-09-01T17:58:26.829Z] POST /api/event-types
Payload: {"title":"resume review","description":"","locationType":"online","durationMin":30,"isActive":true,"slug":"resume-review"}
Error: An event type with this URL slug already exists. Please use a different title or slug.
Details: "ApiError: An event type with this URL slug already exists. Please use a different title or slug.\n    at conflict (/Users/nil09/Desktop/Lambda5/Event-Scheduler/src/utils/api-error.ts:20:65)\n    at createEventTypeService (/Users/nil09/Desktop/Lambda5/Event-Scheduler/src/services/event-types.service.ts:189:19)\n    at process.processTicksAndRejections (node:internal/process/task_queues:105:5)\n    at async createEventType (/Users/nil09/Desktop/Lambda5/Event-Scheduler/src/controllers/event-type.controller.ts:36:22)"
-------------------
[2026-09-01T17:58:27.193Z] POST /api/event-types
Payload: {"title":"resume review","description":"","locationType":"online","durationMin":30,"isActive":true,"slug":"resume-review"}
Error: An event type with this URL slug already exists. Please use a different title or slug.
Details: "ApiError: An event type with this URL slug already exists. Please use a different title or slug.\n    at conflict (/Users/nil09/Desktop/Lambda5/Event-Scheduler/src/utils/api-error.ts:20:65)\n    at createEventTypeService (/Users/nil09/Desktop/Lambda5/Event-Scheduler/src/services/event-types.service.ts:189:19)\n    at process.processTicksAndRejections (node:internal/process/task_queues:105:5)\n    at async createEventType (/Users/nil09/Desktop/Lambda5/Event-Scheduler/src/controllers/event-type.controller.ts:36:22)"
-------------------
[2026-09-01T17:58:27.443Z] POST /api/event-types
Payload: {"title":"resume review","description":"","locationType":"online","durationMin":30,"isActive":true,"slug":"resume-review"}
Error: An event type with this URL slug already exists. Please use a different title or slug.
Details: "ApiError: An event type with this URL slug already exists. Please use a different title or slug.\n    at conflict (/Users/nil09/Desktop/Lambda5/Event-Scheduler/src/utils/api-error.ts:20:65)\n    at createEventTypeService (/Users/nil09/Desktop/Lambda5/Event-Scheduler/src/services/event-types.service.ts:189:19)\n    at process.processTicksAndRejections (node:internal/process/task_queues:105:5)\n    at async createEventType (/Users/nil09/Desktop/Lambda5/Event-Scheduler/src/controllers/event-type.controller.ts:36:22)"
-------------------
[2026-09-01T17:58:27.839Z] POST /api/event-types
Payload: {"title":"resume review","description":"","locationType":"online","durationMin":30,"isActive":true,"slug":"resume-review"}
Error: An event type with this URL slug already exists. Please use a different title or slug.
Details: "ApiError: An event type with this URL slug already exists. Please use a different title or slug.\n    at conflict (/Users/nil09/Desktop/Lambda5/Event-Scheduler/src/utils/api-error.ts:20:65)\n    at createEventTypeService (/Users/nil09/Desktop/Lambda5/Event-Scheduler/src/services/event-types.service.ts:189:19)\n    at process.processTicksAndRejections (node:internal/process/task_queues:105:5)\n    at async createEventType (/Users/nil09/Desktop/Lambda5/Event-Scheduler/src/controllers/event-type.controller.ts:36:22)"
-------------------
[2026-09-01T17:58:28.040Z] POST /api/event-types
Payload: {"title":"resume review","description":"","locationType":"online","durationMin":30,"isActive":true,"slug":"resume-review"}
Error: An event type with this URL slug already exists. Please use a different title or slug.
Details: "ApiError: An event type with this URL slug already exists. Please use a different title or slug.\n    at conflict (/Users/nil09/Desktop/Lambda5/Event-Scheduler/src/utils/api-error.ts:20:65)\n    at createEventTypeService (/Users/nil09/Desktop/Lambda5/Event-Scheduler/src/services/event-types.service.ts:189:19)\n    at process.processTicksAndRejections (node:internal/process/task_queues:105:5)\n    at async createEventType (/Users/nil09/Desktop/Lambda5/Event-Scheduler/src/controllers/event-type.controller.ts:36:22)"
-------------------
[2026-09-01T17:58:28.227Z] POST /api/event-types
Payload: {"title":"resume review","description":"","locationType":"online","durationMin":30,"isActive":true,"slug":"resume-review"}
Error: An event type with this URL slug already exists. Please use a different title or slug.
Details: "ApiError: An event type with this URL slug already exists. Please use a different title or slug.\n    at conflict (/Users/nil09/Desktop/Lambda5/Event-Scheduler/src/utils/api-error.ts:20:65)\n    at createEventTypeService (/Users/nil09/Desktop/Lambda5/Event-Scheduler/src/services/event-types.service.ts:189:19)\n    at process.processTicksAndRejections (node:internal/process/task_queues:105:5)\n    at async createEventType (/Users/nil09/Desktop/Lambda5/Event-Scheduler/src/controllers/event-type.controller.ts:36:22)"
-------------------
[2026-09-01T17:58:28.423Z] POST /api/event-types
Payload: {"title":"resume review","description":"","locationType":"online","durationMin":30,"isActive":true,"slug":"resume-review"}
Error: An event type with this URL slug already exists. Please use a different title or slug.
Details: "ApiError: An event type with this URL slug already exists. Please use a different title or slug.\n    at conflict (/Users/nil09/Desktop/Lambda5/Event-Scheduler/src/utils/api-error.ts:20:65)\n    at createEventTypeService (/Users/nil09/Desktop/Lambda5/Event-Scheduler/src/services/event-types.service.ts:189:19)\n    at process.processTicksAndRejections (node:internal/process/task_queues:105:5)\n    at async createEventType (/Users/nil09/Desktop/Lambda5/Event-Scheduler/src/controllers/event-type.controller.ts:36:22)"
-------------------
[2026-09-01T17:58:28.689Z] POST /api/event-types
Payload: {"title":"resume review","description":"","locationType":"online","durationMin":30,"isActive":true,"slug":"resume-review"}
Error: An event type with this URL slug already exists. Please use a different title or slug.
Details: "ApiError: An event type with this URL slug already exists. Please use a different title or slug.\n    at conflict (/Users/nil09/Desktop/Lambda5/Event-Scheduler/src/utils/api-error.ts:20:65)\n    at createEventTypeService (/Users/nil09/Desktop/Lambda5/Event-Scheduler/src/services/event-types.service.ts:189:19)\n    at process.processTicksAndRejections (node:internal/process/task_queues:105:5)\n    at async createEventType (/Users/nil09/Desktop/Lambda5/Event-Scheduler/src/controllers/event-type.controller.ts:36:22)"
-------------------
[2026-09-01T17:58:28.844Z] POST /api/event-types
Payload: {"title":"resume review","description":"","locationType":"online","durationMin":30,"isActive":true,"slug":"resume-review"}
Error: An event type with this URL slug already exists. Please use a different title or slug.
Details: "ApiError: An event type with this URL slug already exists. Please use a different title or slug.\n    at conflict (/Users/nil09/Desktop/Lambda5/Event-Scheduler/src/utils/api-error.ts:20:65)\n    at createEventTypeService (/Users/nil09/Desktop/Lambda5/Event-Scheduler/src/services/event-types.service.ts:189:19)\n    at process.processTicksAndRejections (node:internal/process/task_queues:105:5)\n    at async createEventType (/Users/nil09/Desktop/Lambda5/Event-Scheduler/src/controllers/event-type.controller.ts:36:22)"
-------------------
[2026-09-01T17:58:29.008Z] POST /api/event-types
Payload: {"title":"resume review","description":"","locationType":"online","durationMin":30,"isActive":true,"slug":"resume-review"}
Error: An event type with this URL slug already exists. Please use a different title or slug.
Details: "ApiError: An event type with this URL slug already exists. Please use a different title or slug.\n    at conflict (/Users/nil09/Desktop/Lambda5/Event-Scheduler/src/utils/api-error.ts:20:65)\n    at createEventTypeService (/Users/nil09/Desktop/Lambda5/Event-Scheduler/src/services/event-types.service.ts:189:19)\n    at process.processTicksAndRejections (node:internal/process/task_queues:105:5)\n    at async createEventType (/Users/nil09/Desktop/Lambda5/Event-Scheduler/src/controllers/event-type.controller.ts:36:22)"
-------------------
[2026-09-01T17:58:29.157Z] POST /api/event-types
Payload: {"title":"resume review","description":"","locationType":"online","durationMin":30,"isActive":true,"slug":"resume-review"}
Error: An event type with this URL slug already exists. Please use a different title or slug.
Details: "ApiError: An event type with this URL slug already exists. Please use a different title or slug.\n    at conflict (/Users/nil09/Desktop/Lambda5/Event-Scheduler/src/utils/api-error.ts:20:65)\n    at createEventTypeService (/Users/nil09/Desktop/Lambda5/Event-Scheduler/src/services/event-types.service.ts:189:19)\n    at process.processTicksAndRejections (node:internal/process/task_queues:105:5)\n    at async createEventType (/Users/nil09/Desktop/Lambda5/Event-Scheduler/src/controllers/event-type.controller.ts:36:22)"
-------------------
[2026-09-01T17:58:57.980Z] POST /api/event-types
Payload: {"title":"resume review","description":"ewnjrwbwjkrw","locationType":"online","durationMin":30,"isActive":true,"slug":"resume-review"}
Error: An event type with this URL slug already exists. Please use a different title or slug.
Details: "ApiError: An event type with this URL slug already exists. Please use a different title or slug.\n    at conflict (/Users/nil09/Desktop/Lambda5/Event-Scheduler/src/utils/api-error.ts:20:65)\n    at createEventTypeService (/Users/nil09/Desktop/Lambda5/Event-Scheduler/src/services/event-types.service.ts:189:19)\n    at process.processTicksAndRejections (node:internal/process/task_queues:105:5)\n    at async createEventType (/Users/nil09/Desktop/Lambda5/Event-Scheduler/src/controllers/event-type.controller.ts:36:22)"
-------------------
[2026-09-01T17:58:58.674Z] POST /api/event-types
Payload: {"title":"resume review","description":"ewnjrwbwjkrw","locationType":"online","durationMin":30,"isActive":true,"slug":"resume-review"}
Error: An event type with this URL slug already exists. Please use a different title or slug.
Details: "ApiError: An event type with this URL slug already exists. Please use a different title or slug.\n    at conflict (/Users/nil09/Desktop/Lambda5/Event-Scheduler/src/utils/api-error.ts:20:65)\n    at createEventTypeService (/Users/nil09/Desktop/Lambda5/Event-Scheduler/src/services/event-types.service.ts:189:19)\n    at process.processTicksAndRejections (node:internal/process/task_queues:105:5)\n    at async createEventType (/Users/nil09/Desktop/Lambda5/Event-Scheduler/src/controllers/event-type.controller.ts:36:22)"
-------------------
[2026-09-01T17:58:59.291Z] POST /api/event-types
Payload: {"title":"resume review","description":"ewnjrwbwjkrw","locationType":"online","durationMin":30,"isActive":true,"slug":"resume-review"}
Error: An event type with this URL slug already exists. Please use a different title or slug.
Details: "ApiError: An event type with this URL slug already exists. Please use a different title or slug.\n    at conflict (/Users/nil09/Desktop/Lambda5/Event-Scheduler/src/utils/api-error.ts:20:65)\n    at createEventTypeService (/Users/nil09/Desktop/Lambda5/Event-Scheduler/src/services/event-types.service.ts:189:19)\n    at process.processTicksAndRejections (node:internal/process/task_queues:105:5)\n    at async createEventType (/Users/nil09/Desktop/Lambda5/Event-Scheduler/src/controllers/event-type.controller.ts:36:22)"
-------------------
[2026-09-01T17:58:59.674Z] POST /api/event-types
Payload: {"title":"resume review","description":"ewnjrwbwjkrw","locationType":"online","durationMin":30,"isActive":true,"slug":"resume-review"}
Error: An event type with this URL slug already exists. Please use a different title or slug.
Details: "ApiError: An event type with this URL slug already exists. Please use a different title or slug.\n    at conflict (/Users/nil09/Desktop/Lambda5/Event-Scheduler/src/utils/api-error.ts:20:65)\n    at createEventTypeService (/Users/nil09/Desktop/Lambda5/Event-Scheduler/src/services/event-types.service.ts:189:19)\n    at process.processTicksAndRejections (node:internal/process/task_queues:105:5)\n    at async createEventType (/Users/nil09/Desktop/Lambda5/Event-Scheduler/src/controllers/event-type.controller.ts:36:22)"
-------------------
[2026-09-01T17:58:59.908Z] POST /api/event-types
Payload: {"title":"resume review","description":"ewnjrwbwjkrw","locationType":"online","durationMin":30,"isActive":true,"slug":"resume-review"}
Error: An event type with this URL slug already exists. Please use a different title or slug.
Details: "ApiError: An event type with this URL slug already exists. Please use a different title or slug.\n    at conflict (/Users/nil09/Desktop/Lambda5/Event-Scheduler/src/utils/api-error.ts:20:65)\n    at createEventTypeService (/Users/nil09/Desktop/Lambda5/Event-Scheduler/src/services/event-types.service.ts:189:19)\n    at process.processTicksAndRejections (node:internal/process/task_queues:105:5)\n    at async createEventType (/Users/nil09/Desktop/Lambda5/Event-Scheduler/src/controllers/event-type.controller.ts:36:22)"
-------------------
[2026-09-01T17:59:00.145Z] POST /api/event-types
Payload: {"title":"resume review","description":"ewnjrwbwjkrw","locationType":"online","durationMin":30,"isActive":true,"slug":"resume-review"}
Error: An event type with this URL slug already exists. Please use a different title or slug.
Details: "ApiError: An event type with this URL slug already exists. Please use a different title or slug.\n    at conflict (/Users/nil09/Desktop/Lambda5/Event-Scheduler/src/utils/api-error.ts:20:65)\n    at createEventTypeService (/Users/nil09/Desktop/Lambda5/Event-Scheduler/src/services/event-types.service.ts:189:19)\n    at process.processTicksAndRejections (node:internal/process/task_queues:105:5)\n    at async createEventType (/Users/nil09/Desktop/Lambda5/Event-Scheduler/src/controllers/event-type.controller.ts:36:22)"
-------------------
[2026-09-01T17:59:00.373Z] POST /api/event-types
Payload: {"title":"resume review","description":"ewnjrwbwjkrw","locationType":"online","durationMin":30,"isActive":true,"slug":"resume-review"}
Error: An event type with this URL slug already exists. Please use a different title or slug.
Details: "ApiError: An event type with this URL slug already exists. Please use a different title or slug.\n    at conflict (/Users/nil09/Desktop/Lambda5/Event-Scheduler/src/utils/api-error.ts:20:65)\n    at createEventTypeService (/Users/nil09/Desktop/Lambda5/Event-Scheduler/src/services/event-types.service.ts:189:19)\n    at process.processTicksAndRejections (node:internal/process/task_queues:105:5)\n    at async createEventType (/Users/nil09/Desktop/Lambda5/Event-Scheduler/src/controllers/event-type.controller.ts:36:22)"
-------------------
[2026-09-01T17:59:00.609Z] POST /api/event-types
Payload: {"title":"resume review","description":"ewnjrwbwjkrw","locationType":"online","durationMin":30,"isActive":true,"slug":"resume-review"}
Error: An event type with this URL slug already exists. Please use a different title or slug.
Details: "ApiError: An event type with this URL slug already exists. Please use a different title or slug.\n    at conflict (/Users/nil09/Desktop/Lambda5/Event-Scheduler/src/utils/api-error.ts:20:65)\n    at createEventTypeService (/Users/nil09/Desktop/Lambda5/Event-Scheduler/src/services/event-types.service.ts:189:19)\n    at process.processTicksAndRejections (node:internal/process/task_queues:105:5)\n    at async createEventType (/Users/nil09/Desktop/Lambda5/Event-Scheduler/src/controllers/event-type.controller.ts:36:22)"
-------------------
[2026-09-01T17:59:00.842Z] POST /api/event-types
Payload: {"title":"resume review","description":"ewnjrwbwjkrw","locationType":"online","durationMin":30,"isActive":true,"slug":"resume-review"}
Error: An event type with this URL slug already exists. Please use a different title or slug.
Details: "ApiError: An event type with this URL slug already exists. Please use a different title or slug.\n    at conflict (/Users/nil09/Desktop/Lambda5/Event-Scheduler/src/utils/api-error.ts:20:65)\n    at createEventTypeService (/Users/nil09/Desktop/Lambda5/Event-Scheduler/src/services/event-types.service.ts:189:19)\n    at process.processTicksAndRejections (node:internal/process/task_queues:105:5)\n    at async createEventType (/Users/nil09/Desktop/Lambda5/Event-Scheduler/src/controllers/event-type.controller.ts:36:22)"
-------------------
